job_name,submit_time,task_name,instance_num,task_duration,plan_cpu,plan_mem,plan_gpu,gpu_type,communicate_count,communicate_size,decline,preq,children,qualified
google_94591244395,43,instance_94591244395_144,1,12,200,2,0,MISC,3,184,6,,,
google_260697606809,289,instance_260697606809_335,1,6,100,1,0,MISC,1,261,19,,,
google_276227177776,12,instance_276227177776_376,1,7,400,1,0,MISC,1,90,24,,,
google_10507389885,172,instance_10507389885_1977,1,16,600,6,100,P100,1,175,16,,,
google_25911621841,251,instance_25911621841_3907,1,11,100,1,0,MISC,3,632,76,,,
google_235085571060,261,instance_235085571060_345,1,6,500,1,0,MISC,1,334,78,,,
google_275444626052,54,instance_275444626052_13138,1,8,100,1,0,MISC,1,36,42,,,
google_193223725812,72,instance_193223725812_393,1,10,200,1,0,MISC,4,837,89,,,
google_236368116431,361,instance_236368116431_19760,1,11,100,1,0,MISC,3,301,88,,,
google_296992962690,337,instance_296992962690_90,1,12,800,1,50,V100,1,205,35,,,
google_454520770906,18,instance_454520770906_1758,1,12,200,1,0,MISC,4,749,30,,,
google_346556401280,113,instance_346556401280_8880,1,9,400,2,0,MISC,1,220,44,,,
google_39516992187,12,instance_39516992187_3658,1,10,100,1,0,MISC,2,302,81,,,
google_784488673642,215,instance_784488673642_7776,1,16,100,2,250,V100,0,89,25,,,
google_784634965149,168,instance_784634965149_641,1,6,200,1,0,MISC,2,113,12,,,
google_330587204926,236,instance_330587204926_882,1,11,200,1,0,MISC,0,88,8,,,
google_27762125863,379,instance_27762125863_37,1,9,100,1,0,MISC,1,150,11,,,
google_288497456405,409,instance_288497456405_1629,1,10,100,1,0,MISC,1,94,19,,,
google_784245858759,46,instance_784245858759_2198,1,13,100,3,0,MISC,1,65,74,,,
google_781395587588,27,instance_781395587588_247,1,7,200,1,0,MISC,0,126,17,,,
google_39516997747,261,instance_39516997747_2249,1,8,100,1,0,MISC,1,19,35,,,
google_359738464136,343,instance_359738464136_7339,1,12,100,1,0,MISC,1,101,21,,,
google_261356905709,398,instance_261356905709_2234,1,9,100,1,250,P100,3,992,18,,,
google_260725669813,3,instance_260725669813_1162,1,6,100,1,50,V100,1,185,20,,,
google_348547152567,172,instance_348547152567_773,1,11,200,1,0,MISC,3,1183,8,,,
google_740922797544,45,instance_740922797544_406,1,12,700,1,0,MISC,0,73,89,,,
google_5424274343,400,instance_5424274343_833,1,11,300,3,0,MISC,2,621,8,,,
google_236368116431,338,instance_236368116431_14858,1,6,100,1,0,MISC,0,77,92,,,
google_454520770906,18,instance_454520770906_814,1,10,200,1,0,MISC,2,242,36,,,
google_755686677250,232,instance_755686677250_7590,1,11,100,1,0,MISC,0,142,60,,,
google_784956094732,117,instance_784956094732_1549,1,13,200,1,0,MISC,1,59,18,,,
google_294544747384,291,instance_294544747384_7770,1,10,100,1,0,MISC,1,59,61,,,
google_36195154546,319,instance_36195154546_4818,1,10,100,1,0,MISC,0,83,20,,,
google_236368116431,361,instance_236368116431_43387,1,6,100,1,0,MISC,1,79,30,,,
google_327090859844,403,instance_327090859844_31,1,13,100,13,0,MISC,4,407,12,,,
google_212549666260,82,instance_212549666260_3642,1,6,100,2,250,T4,3,452,43,,,
google_742309193032,52,instance_742309193032_932,1,6,100,1,0,MISC,1,96,71,,,
google_382097962345,134,instance_382097962345_880,1,6,100,1,0,MISC,4,350,20,,,
google_116646838687,57,instance_116646838687_17,1,6,100,1,0,MISC,3,178,17,,,
google_314637133793,216,instance_314637133793_1269,1,9,200,1,0,MISC,2,579,17,,,
google_324695453205,390,instance_324695453205_249,1,12,600,2,0,MISC,1,105,14,,,
google_379491243491,72,instance_379491243491_3235,1,7,100,1,0,MISC,0,95,32,,,
google_221495509609,151,instance_221495509609_1367,1,12,100,1,200,V100,1,62,24,,,
google_6776392008,228,instance_6776392008_607,1,11,100,1,0,MISC,1,77,10,,,
google_128073972032,412,instance_128073972032_246,1,11,100,1,0,MISC,1,67,61,,,
google_320177399264,139,instance_320177399264_3163,1,9,100,2,0,MISC,2,597,38,,,
google_793077145663,152,instance_793077145663_10445,1,6,100,2,0,MISC,3,308,35,,,
google_2399970864,291,instance_2399970864_3011,1,8,100,1,0,MISC,0,70,13,,,
google_315267875644,5,instance_315267875644_5662,1,16,100,1,0,MISC,2,435,84,,,
google_71429569,83,instance_71429569_263,1,12,600,4,150,P100,2,274,11,,,
google_358931119334,241,instance_358931119334_2257,1,9,100,1,0,MISC,1,83,77,,,
google_236368073537,347,instance_236368073537_4449,1,12,200,1,0,MISC,0,603,73,,,
google_156922393102,161,instance_156922393102_305,1,15,1400,10,0,MISC,0,271,13,,,
google_236368116431,361,instance_236368116431_16131,1,12,100,1,0,MISC,2,161,37,,,
google_285748468709,259,instance_285748468709_18934,1,8,100,1,0,MISC,2,392,56,,,
google_184202283831,296,instance_184202283831_557,1,10,100,1,0,MISC,2,30,63,,,
google_296522493188,368,instance_296522493188_287,1,9,400,1,0,MISC,1,112,80,,,
google_757928891474,276,instance_757928891474_3105,1,7,100,1,0,MISC,1,262,83,,,
google_758263544732,283,instance_758263544732_4870,1,6,100,1,0,MISC,0,213,91,,,
google_276563761950,123,instance_276563761950_1933,1,12,200,1,0,MISC,2,621,13,,,
google_236368116431,338,instance_236368116431_32584,1,9,100,1,0,MISC,1,99,85,,,
google_116646838687,57,instance_116646838687_17,1,9,100,1,50,T4,3,106,28,,,
google_156922393102,161,instance_156922393102_118,1,13,1400,10,50,T4,3,95,14,,,
google_494989765009,241,instance_494989765009_1214,1,11,100,2,150,P100,0,88,58,,,
google_755686677250,232,instance_755686677250_6763,1,6,100,1,0,MISC,0,192,89,,,
google_122697038507,312,instance_122697038507_5012,1,7,200,1,0,MISC,1,264,46,,,
google_282155526518,144,instance_282155526518_7014,1,12,100,1,100,V100,1,274,27,,,
google_358146539252,166,instance_358146539252_1084,1,9,100,1,0,MISC,3,467,13,,,
google_221495446263,146,instance_221495446263_1087,1,11,200,1,0,MISC,1,122,14,,,
google_796037227562,134,instance_796037227562_3526,1,12,100,1,0,MISC,1,91,72,,,
google_96110849886,408,instance_96110849886_5225,1,10,100,1,0,MISC,1,118,19,,,
google_116646838687,368,instance_116646838687_17,1,7,100,1,0,MISC,2,106,30,,,
google_755686677250,232,instance_755686677250_2823,1,6,100,1,0,MISC,1,69,69,,,
google_755686677250,232,instance_755686677250_7788,1,8,100,1,0,MISC,1,192,79,,,
google_147074738457,394,instance_147074738457_2186,1,9,100,1,150,P100,1,59,14,,,
google_374675984600,65,instance_374675984600_242,1,9,100,1,50,A100,1,167,58,,,
google_93247928673,159,instance_93247928673_2402,1,14,300,2,0,MISC,2,413,8,,,
google_497733596373,319,instance_497733596373_913,1,11,200,4,0,MISC,0,147,46,,,
google_324708383074,338,instance_324708383074_13631,1,12,100,1,0,MISC,2,314,35,,,
google_18214865480,336,instance_18214865480_2509,1,10,100,6,50,V100,3,329,14,,,
google_454520770906,18,instance_454520770906_931,1,15,200,1,0,MISC,2,188,66,,,
google_21299367638,431,instance_21299367638_599,1,6,500,2,200,P100,0,186,55,,,
google_384929736739,239,instance_384929736739_1609,1,13,100,1,0,MISC,1,234,92,,,
google_348547152567,172,instance_348547152567_197,1,7,200,1,0,MISC,1,145,6,,,
google_346556401280,113,instance_346556401280_11661,1,10,400,2,0,MISC,1,91,87,,,
google_276842727140,100,instance_276842727140_63,1,13,200,1,0,MISC,1,48,24,,,
google_798929580910,200,instance_798929580910_2440,1,6,100,1,0,MISC,0,280,14,,,
google_328029965942,418,instance_328029965942_3514,1,12,100,1,0,MISC,2,163,49,,,
google_261321454525,54,instance_261321454525_11305,1,6,100,1,0,MISC,2,244,56,,,
google_322066611026,236,instance_322066611026_232,1,13,300,1,0,MISC,2,130,26,,,
google_384650875475,307,instance_384650875475_220,1,14,100,1,0,MISC,1,418,60,,,
google_281296015739,112,instance_281296015739_1486,1,12,200,1,0,MISC,1,81,21,,,
google_370794995307,424,instance_370794995307_2495,1,16,100,1,0,MISC,1,79,86,,,
google_198451272245,49,instance_198451272245_687,1,9,100,2,0,MISC,1,234,11,,,
google_77793016507,372,instance_77793016507_3833,1,12,200,2,0,MISC,1,364,33,,,
google_710255342622,157,instance_710255342622_1759,1,7,100,1,0,MISC,2,175,66,,,
google_798205633057,274,instance_798205633057_736,1,6,100,1,150,T4,1,153,15,,,
google_39516992187,12,instance_39516992187_6272,1,9,100,1,0,MISC,2,315,40,,,
google_294544747384,102,instance_294544747384_89,1,14,100,1,0,MISC,0,123,63,,,
google_284397977879,244,instance_284397977879_297,1,14,100,1,150,T4,2,536,53,,,
google_157857385389,253,instance_157857385389_487,1,11,300,14,0,MISC,3,562,52,,,
google_494989765009,241,instance_494989765009_197,1,11,100,2,0,MISC,2,378,34,,,
google_236368116431,338,instance_236368116431_122641,1,7,100,1,0,MISC,2,249,79,,,
google_122697038507,248,instance_122697038507_6512,1,9,200,1,0,MISC,1,72,29,,,
google_358931119334,241,instance_358931119334_638,1,15,100,1,0,MISC,0,199,72,,,
google_814963931481,287,instance_814963931481_61,1,10,100,1,0,MISC,5,354,80,,,
google_348555659874,211,instance_348555659874_3935,1,12,100,1,0,MISC,0,77,40,,,
google_781075805028,32,instance_781075805028_417,1,8,200,1,200,T4,3,210,24,,,
google_748933721607,379,instance_748933721607_638,1,11,200,2,250,P100,0,59,35,,,
google_314896190771,260,instance_314896190771_1998,1,10,100,1,0,MISC,2,449,41,,,
google_748156688725,118,instance_748156688725_0,1,10,100,1,0,MISC,0,173,78,,,
google_757993223888,277,instance_757993223888_1438,1,17,100,1,0,MISC,4,262,95,,,
google_156608144955,158,instance_156608144955_16,1,7,100,1,0,MISC,0,172,25,,,
google_497097336736,292,instance_497097336736_1508,1,7,100,2,0,MISC,2,349,85,,,
google_298890327109,408,instance_298890327109_4820,1,10,100,1,0,MISC,0,92,44,,,
google_781075799931,41,instance_781075799931_1881,1,11,200,1,0,MISC,0,74,17,,,
google_368969043652,378,instance_368969043652_1468,1,9,100,1,150,P100,2,231,31,,,
google_737254190047,47,instance_737254190047_1372,1,9,200,1,200,V100,0,356,6,,,
google_314894065526,218,instance_314894065526_4362,1,9,100,1,0,MISC,1,295,86,,,
google_116646838687,368,instance_116646838687_17,1,9,100,1,0,MISC,1,224,34,,,
google_260725669813,89,instance_260725669813_1155,1,6,100,1,0,MISC,1,663,20,,,
google_260697606809,330,instance_260697606809_963,1,10,100,1,0,MISC,2,488,18,,,
google_193223725812,72,instance_193223725812_175,1,15,200,1,0,MISC,2,518,55,,,
google_346556401280,113,instance_346556401280_16013,1,11,400,2,0,MISC,4,621,90,,,
google_456145354700,21,instance_456145354700_653,1,9,200,9,0,MISC,2,585,74,,,
google_480537971565,221,instance_480537971565_449,1,7,200,1,100,P100,0,71,12,,,
google_93247928673,159,instance_93247928673_18654,1,9,300,2,0,MISC,0,168,24,,,
google_710255342622,157,instance_710255342622_19989,1,10,100,1,0,MISC,0,46,53,,,
google_757792637514,274,instance_757792637514_3040,1,11,100,1,200,A100,2,203,62,,,
google_17629021599,421,instance_17629021599_182,1,11,200,3,0,MISC,2,259,11,,,
google_240053269538,401,instance_240053269538_32790,1,13,100,1,0,MISC,0,144,84,,,
google_198451272245,49,instance_198451272245_318,1,6,100,2,0,MISC,3,121,24,,,
google_330587172974,321,instance_330587172974_2238,1,14,200,5,0,MISC,2,1680,95,,,
google_228360591576,187,instance_228360591576_9637,1,9,100,1,0,MISC,3,182,57,,,
google_330587204926,236,instance_330587204926_786,1,17,200,1,0,MISC,5,691,10,,,
google_348547149798,206,instance_348547149798_277,1,12,200,1,0,MISC,2,475,22,,,
google_221869627588,112,instance_221869627588_292,1,9,200,3,0,MISC,2,78,29,,,
google_319167730823,344,instance_319167730823_1242,1,11,100,1,150,T4,5,293,85,,,
google_147074738427,67,instance_147074738427_357,1,16,100,1,0,MISC,3,554,15,,,
google_735991340813,21,instance_735991340813_1536,1,11,200,1,0,MISC,1,821,12,,,
google_358931119334,241,instance_358931119334_1575,1,16,100,1,0,MISC,4,343,36,,,
google_122697038507,248,instance_122697038507_6795,1,6,200,1,0,MISC,1,93,30,,,
google_740922797544,45,instance_740922797544_340,1,10,700,1,0,MISC,2,95,95,,,
google_322066611026,236,instance_322066611026_281,1,6,300,1,0,MISC,0,240,87,,,
google_4741149133,209,instance_4741149133_5465,1,12,100,1,0,MISC,2,317,19,,,
google_145247935279,386,instance_145247935279_700,1,13,100,1,0,MISC,2,430,8,,,
google_18257359877,236,instance_18257359877_2109,1,9,100,1,0,MISC,3,97,15,,,
google_288497456405,409,instance_288497456405_5311,1,10,100,1,150,P100,3,698,23,,,
google_288497456405,409,instance_288497456405_8128,1,7,100,1,0,MISC,1,121,6,,,
google_276430264854,13,instance_276430264854_331,1,8,100,1,0,MISC,1,108,17,,,
google_297489629603,394,instance_297489629603_30618,1,8,100,1,0,MISC,2,192,56,,,
google_346556401280,113,instance_346556401280_15094,1,6,400,2,0,MISC,3,538,51,,,
google_221495509609,303,instance_221495509609_1813,1,10,100,1,0,MISC,0,207,7,,,
google_128381208302,252,instance_128381208302_871,1,14,200,2,0,MISC,3,323,28,,,
google_374676027572,29,instance_374676027572_6318,1,12,100,1,0,MISC,0,195,75,,,
google_39516992187,12,instance_39516992187_3658,1,8,100,1,0,MISC,2,44,62,,,
google_157857385389,253,instance_157857385389_259,1,14,300,14,200,T4,2,272,61,,,
google_4741149133,209,instance_4741149133_3627,1,9,100,1,0,MISC,1,50,43,,,
google_122697038507,248,instance_122697038507_5044,1,12,200,2,0,MISC,4,1398,32,,,
google_122697038507,312,instance_122697038507_1191,1,14,200,1,0,MISC,1,127,19,,,
google_758263544732,283,instance_758263544732_3576,1,9,100,1,0,MISC,0,121,59,,,
google_234915116734,247,instance_234915116734_312,1,16,500,1,0,MISC,0,83,52,,,
google_796037227562,134,instance_796037227562_15719,1,8,100,1,0,MISC,0,139,34,,,
google_737327470532,43,instance_737327470532_16288,1,10,100,2,0,MISC,1,100,59,,,
google_795465068189,106,instance_795465068189_357,1,11,100,1,150,A100,0,59,38,,,
google_326995659201,404,instance_326995659201_5947,1,14,100,1,0,MISC,1,413,54,,,
google_18969797910,398,instance_18969797910_3303,1,6,100,1,0,MISC,2,222,18,,,
google_96110849886,0,instance_96110849886_2580,1,12,100,1,0,MISC,2,169,30,,,
google_288497448483,290,instance_288497448483_1657,1,8,300,1,250,V100,2,389,8,,,
google_308338410121,60,instance_308338410121_258,1,14,200,3,0,MISC,2,36,84,,,
google_738062440837,177,instance_738062440837_305,1,9,200,1,0,MISC,1,79,12,,,
google_499512663015,384,instance_499512663015_10026,1,11,100,1,0,MISC,1,124,50,,,
google_326995662958,399,instance_326995662958_66885,1,8,100,1,0,MISC,4,510,48,,,
google_382938982043,164,instance_382938982043_1332,1,9,100,1,0,MISC,1,387,50,,,
google_45822701222,316,instance_45822701222_734,1,11,100,1,0,MISC,2,249,93,,,
google_399280620994,391,instance_399280620994_1446,1,11,100,1,0,MISC,3,547,89,,,
google_275444626052,54,instance_275444626052_839,1,12,100,1,0,MISC,1,48,96,,,
google_755686677250,232,instance_755686677250_11233,1,12,100,1,0,MISC,3,706,65,,,
google_221495463014,23,instance_221495463014_483,1,16,200,1,250,V100,1,208,21,,,
google_312211473855,122,instance_312211473855_19207,1,11,100,1,0,MISC,2,244,96,,,
google_128073966478,17,instance_128073966478_2432,1,8,100,1,0,MISC,0,316,43,,,
google_310459195509,95,instance_310459195509_12689,1,9,100,1,0,MISC,0,112,36,,,
google_122697038507,312,instance_122697038507_6585,1,12,200,1,0,MISC,1,202,31,,,
google_297491011974,393,instance_297491011974_5281,1,16,100,1,250,A100,1,102,54,,,
google_288497456405,409,instance_288497456405_2387,1,12,100,1,50,T4,0,120,10,,,
google_56150543601,352,instance_56150543601_2558,1,9,100,1,0,MISC,4,900,44,,,
google_737254182852,39,instance_737254182852_1386,1,6,200,1,250,V100,1,94,11,,,
google_128073972032,412,instance_128073972032_246,1,7,100,1,0,MISC,1,168,92,,,
google_261560021823,45,instance_261560021823_941,1,13,100,1,100,V100,3,302,19,,,
google_800553398752,285,instance_800553398752_1397,1,6,100,1,0,MISC,0,159,15,,,
google_286424453407,226,instance_286424453407_505,1,10,300,1,0,MISC,1,170,50,,,
google_376746270534,109,instance_376746270534_54,1,18,100,1,0,MISC,1,32,20,,,
google_236368116431,361,instance_236368116431_19455,1,6,100,1,0,MISC,2,325,25,,,
google_384650875475,307,instance_384650875475_1269,1,11,100,1,0,MISC,3,155,91,,,
google_290147406069,371,instance_290147406069_1034,1,11,100,1,0,MISC,0,185,6,,,
google_710255342622,157,instance_710255342622_15647,1,9,100,1,0,MISC,0,100,85,,,
google_708969524828,101,instance_708969524828_432,1,11,200,1,0,MISC,0,135,18,,,
google_236368116431,338,instance_236368116431_81854,1,7,100,1,0,MISC,1,118,75,,,
google_67285021809,417,instance_67285021809_330,1,8,100,1,0,MISC,2,113,6,,,
google_116646838687,368,instance_116646838687_17,1,10,100,1,0,MISC,0,249,13,,,
google_276227177776,12,instance_276227177776_371,1,10,400,1,0,MISC,3,737,92,,,
google_798205633057,274,instance_798205633057_616,1,11,100,1,0,MISC,0,214,6,,,
google_276842727140,100,instance_276842727140_763,1,10,200,1,100,T4,2,66,16,,,
google_323373698353,322,instance_323373698353_1019,1,8,100,1,0,MISC,3,879,32,,,
google_796037227562,134,instance_796037227562_4543,1,13,100,1,0,MISC,2,540,88,,,
google_324695453205,390,instance_324695453205_107,1,7,600,2,0,MISC,3,227,14,,,
google_754423373544,233,instance_754423373544_4417,1,6,100,1,0,MISC,1,91,33,,,
google_234109952177,294,instance_234109952177_3107,1,10,200,1,200,V100,0,165,58,,,
google_13439396863,315,instance_13439396863_3070,1,10,800,2,0,MISC,2,228,7,,,
google_128057644246,12,instance_128057644246_1105,1,9,100,1,0,MISC,1,107,19,,,
google_128073966478,17,instance_128073966478_280,1,14,100,1,0,MISC,2,134,86,,,
google_326995662958,399,instance_326995662958_72765,1,8,100,1,0,MISC,2,542,48,,,
google_297445687642,357,instance_297445687642_45,1,12,100,1,0,MISC,3,1121,84,,,
google_93247928673,263,instance_93247928673_18310,1,8,300,2,0,MISC,1,18,14,,,
google_14423004927,318,instance_14423004927_1348,1,9,100,1,0,MISC,5,326,85,,,
google_198451272245,49,instance_198451272245_687,1,6,100,2,0,MISC,2,785,19,,,
google_4578802523,154,instance_4578802523_1223,1,6,100,1,0,MISC,0,374,22,,,
google_755533815564,231,instance_755533815564_14934,1,10,200,3,0,MISC,1,92,70,,,
google_328029965942,411,instance_328029965942_24270,1,7,100,1,0,MISC,0,125,46,,,
google_774058164352,329,instance_774058164352_0,1,8,100,1,0,MISC,1,113,92,,,
google_234915116734,247,instance_234915116734_11,1,16,500,1,0,MISC,3,669,27,,,
google_286193690011,268,instance_286193690011_98,1,12,700,10,0,MISC,0,99,19,,,
google_288497448483,290,instance_288497448483_4511,1,6,200,1,200,A100,5,764,18,,,
google_145249314104,214,instance_145249314104_136,1,11,200,13,50,P100,3,489,15,,,
google_383117225578,170,instance_383117225578_1890,1,13,100,1,0,MISC,2,170,95,,,
google_203075380957,68,instance_203075380957_67,1,15,1100,2,0,MISC,0,118,19,,,
google_710255342622,157,instance_710255342622_9895,1,7,100,1,0,MISC,3,402,43,,,
google_756094638917,239,instance_756094638917_4170,1,13,100,1,0,MISC,2,292,26,,,
google_358200276980,154,instance_358200276980_320,1,9,800,2,0,MISC,2,113,43,,,
google_755686677250,232,instance_755686677250_6814,1,9,100,1,200,T4,0,94,65,,,
google_796037227562,134,instance_796037227562_12271,1,10,100,1,0,MISC,1,114,39,,,
google_315267872881,6,instance_315267872881_3684,1,6,100,1,250,T4,1,100,43,,,
google_348547149798,206,instance_348547149798_510,1,8,200,1,0,MISC,0,195,12,,,
google_324708383074,367,instance_324708383074_16009,1,14,100,1,0,MISC,2,224,52,,,
google_128073966478,68,instance_128073966478_3177,1,11,100,1,0,MISC,0,245,92,,,
google_315268991185,62,instance_315268991185_6986,1,9,100,1,0,MISC,0,179,24,,,
google_796037227562,134,instance_796037227562_28356,1,6,100,1,0,MISC,0,90,59,,,
google_784245858759,46,instance_784245858759_2463,1,12,100,3,200,P100,2,97,89,,,
google_18257405825,214,instance_18257405825_817,1,6,200,2,0,MISC,2,135,15,,,
google_796037227562,134,instance_796037227562_24593,1,10,100,1,0,MISC,2,209,37,,,
google_300836087305,119,instance_300836087305_691,1,11,200,1,0,MISC,2,187,16,,,
google_260725669813,188,instance_260725669813_439,1,12,100,1,100,T4,5,283,17,,,
google_116646838687,368,instance_116646838687_17,1,8,100,1,0,MISC,1,95,40,,,
google_346556401280,113,instance_346556401280_7890,1,16,400,2,0,MISC,4,1005,54,,,
google_294544747384,291,instance_294544747384_2877,1,7,100,1,0,MISC,1,86,75,,,
google_349011005158,183,instance_349011005158_2865,1,10,100,1,0,MISC,1,227,40,,,
google_359738464136,343,instance_359738464136_4804,1,6,100,1,0,MISC,1,171,18,,,
google_157857385389,253,instance_157857385389_2157,1,14,300,14,0,MISC,0,192,86,,,
google_474941134419,175,instance_474941134419_7879,1,12,200,2,0,MISC,3,781,54,,,
google_260725669813,3,instance_260725669813_335,1,6,100,1,0,MISC,0,91,20,,,
google_796037227562,134,instance_796037227562_11281,1,11,100,1,0,MISC,2,349,56,,,
google_39516992187,12,instance_39516992187_1158,1,12,100,1,0,MISC,1,25,54,,,
google_747154672802,107,instance_747154672802_0,1,13,200,2,0,MISC,3,766,95,,,
google_240053269538,401,instance_240053269538_54043,1,11,100,1,0,MISC,2,331,89,,,
google_796037227562,134,instance_796037227562_24078,1,13,100,1,0,MISC,1,245,42,,,
google_25911627449,83,instance_25911627449_1565,1,11,100,1,0,MISC,1,131,85,,,
google_285748468709,295,instance_285748468709_52759,1,9,100,1,0,MISC,2,369,37,,,
google_384929736739,239,instance_384929736739_674,1,11,100,1,0,MISC,2,463,54,,,
google_52536205429,45,instance_52536205429_523,1,9,400,2,0,MISC,3,1152,19,,,
google_25911621841,251,instance_25911621841_2423,1,13,100,1,0,MISC,0,217,86,,,
google_294470514509,215,instance_294470514509_241,1,11,600,2,0,MISC,1,156,23,,,
google_346556401280,113,instance_346556401280_2458,1,15,400,2,0,MISC,3,133,65,,,
google_11501329872,365,instance_11501329872_221,1,12,200,1,0,MISC,2,573,12,,,
google_455759122797,13,instance_455759122797_1848,1,15,100,1,100,T4,4,247,56,,,
google_14423004927,318,instance_14423004927_1690,1,11,100,1,0,MISC,0,159,63,,,
google_823800290622,397,instance_823800290622_859,1,10,100,25,0,MISC,1,268,70,,,
google_128073966478,17,instance_128073966478_2853,1,6,100,1,0,MISC,2,226,49,,,
google_755686677250,232,instance_755686677250_8657,1,13,100,1,150,P100,1,115,76,,,
google_56150543601,125,instance_56150543601_6706,1,14,100,1,0,MISC,1,237,72,,,
google_346556401280,113,instance_346556401280_13344,1,16,400,2,200,V100,2,170,42,,,
google_278143657170,287,instance_278143657170_825,1,8,200,1,0,MISC,2,224,16,,,
google_2399970864,291,instance_2399970864_4570,1,12,100,1,0,MISC,2,760,15,,,
google_330587213089,151,instance_330587213089_1036,1,10,200,1,0,MISC,3,411,9,,,
google_385353435000,304,instance_385353435000_4424,1,8,100,1,200,V100,4,437,26,,,
google_770544940169,69,instance_770544940169_14,1,14,800,4,0,MISC,2,260,20,,,
google_106401189869,371,instance_106401189869_102,1,7,100,1,0,MISC,1,426,79,,,
google_795458820165,205,instance_795458820165_855,1,10,100,1,0,MISC,0,80,10,,,
google_236368116431,361,instance_236368116431_33788,1,11,100,1,0,MISC,4,640,33,,,
google_116646838687,368,instance_116646838687_17,1,6,100,1,0,MISC,0,137,42,,,
google_294470513781,39,instance_294470513781_11,1,14,2200,14,200,P100,1,84,7,,,
google_795842128488,109,instance_795842128488_1916,1,8,100,1,0,MISC,0,404,39,,,
google_358931119334,241,instance_358931119334_282,1,6,100,1,0,MISC,1,160,44,,,
google_315267882782,5,instance_315267882782_2627,1,10,100,1,0,MISC,2,364,31,,,
google_36195151947,106,instance_36195151947_5002,1,16,100,1,150,P100,4,886,34,,,
google_156608142553,233,instance_156608142553_170,1,10,100,1,0,MISC,0,70,36,,,
google_315267883348,26,instance_315267883348_1357,1,11,100,1,0,MISC,2,176,72,,,
google_294470514509,215,instance_294470514509_0,1,6,600,2,0,MISC,2,439,9,,,
google_234110028923,263,instance_234110028923_340,1,9,100,1,0,MISC,0,151,14,,,
google_799886065998,214,instance_799886065998_2103,1,9,100,1,0,MISC,0,179,11,,,
google_796037227562,134,instance_796037227562_3526,1,9,100,1,0,MISC,1,80,37,,,
google_261379492804,225,instance_261379492804_646,1,9,100,1,0,MISC,1,142,21,,,
google_754918554276,218,instance_754918554276_665,1,9,100,1,0,MISC,1,205,25,,,
google_297489629603,373,instance_297489629603_38245,1,6,100,1,0,MISC,1,200,53,,,
google_230863557562,253,instance_230863557562_134,1,11,200,3,0,MISC,1,943,86,,,
google_128325471914,199,instance_128325471914_1267,1,6,100,1,0,MISC,1,138,37,,,
google_116646838687,57,instance_116646838687_40,1,7,100,1,50,V100,0,182,44,,,
google_67769965280,71,instance_67769965280_797,1,6,100,2,0,MISC,2,445,9,,,
google_383095308738,168,instance_383095308738_3396,1,7,100,1,0,MISC,0,324,42,,,
google_795458820165,205,instance_795458820165_2053,1,6,100,1,150,P100,1,90,22,,,
google_314894065526,218,instance_314894065526_23753,1,9,100,1,0,MISC,2,174,72,,,
google_330587213089,278,instance_330587213089_1837,1,10,200,1,0,MISC,2,344,21,,,
google_494893094170,234,instance_494893094170_5868,1,6,100,1,0,MISC,0,81,78,,,
google_348547152567,172,instance_348547152567_577,1,11,200,1,0,MISC,1,64,23,,,
google_755686677250,232,instance_755686677250_8340,1,7,100,1,50,P100,1,82,85,,,
google_14423004927,318,instance_14423004927_736,1,6,100,1,0,MISC,3,1172,27,,,
google_20866460087,306,instance_20866460087_158,1,12,500,1,0,MISC,1,278,77,,,
google_300836006795,195,instance_300836006795_464,1,10,200,1,0,MISC,0,280,22,,,
google_784488673642,215,instance_784488673642_6454,1,9,100,2,50,V100,1,43,77,,,
google_735991340813,109,instance_735991340813_1241,1,7,200,1,50,V100,3,341,16,,,
google_261379492804,385,instance_261379492804_646,1,11,100,1,0,MISC,0,66,21,,,
google_25911627449,65,instance_25911627449_1675,1,11,100,1,0,MISC,2,320,81,,,
google_236368116431,361,instance_236368116431_27999,1,10,100,1,0,MISC,0,220,89,,,
google_358931119334,241,instance_358931119334_2213,1,10,100,1,100,A100,3,150,56,,,
google_326995663101,399,instance_326995663101_2664,1,7,100,1,0,MISC,1,172,67,,,
google_14423004927,318,instance_14423004927_2436,1,11,100,1,0,MISC,2,347,50,,,
google_300373251821,45,instance_300373251821_288,1,11,100,2,50,P100,2,56,14,,,
google_251446971439,214,instance_251446971439_2118,1,8,200,1,0,MISC,1,94,24,,,
google_222010271333,105,instance_222010271333_46089,1,11,100,1,0,MISC,0,169,64,,,
google_332929855732,26,instance_332929855732_103,1,13,300,2,50,P100,1,410,24,,,
google_758263544732,283,instance_758263544732_1570,1,17,100,1,0,MISC,1,149,90,,,
google_221495433430,55,instance_221495433430_1265,1,14,200,1,0,MISC,0,59,9,,,
google_128073972032,412,instance_128073972032_449,1,16,100,1,0,MISC,0,215,25,,,
google_710255342622,157,instance_710255342622_4241,1,7,100,1,0,MISC,1,233,78,,,
google_796037227562,134,instance_796037227562_24062,1,13,100,1,0,MISC,1,123,81,,,
google_751510677348,85,instance_751510677348_8434,1,6,100,1,0,MISC,2,238,52,,,
google_381978799502,130,instance_381978799502_3909,1,11,100,1,0,MISC,1,117,46,,,
google_330587225433,72,instance_330587225433_16,1,9,100,2,50,T4,4,137,85,,,
google_39516992187,12,instance_39516992187_577,1,9,100,1,0,MISC,1,42,63,,,
google_260289665763,19,instance_260289665763_2008,1,10,100,1,0,MISC,4,57,19,,,
google_284637788259,173,instance_284637788259_961,1,8,100,1,0,MISC,3,388,53,,,
google_6553469671,381,instance_6553469671_42,1,12,300,1,0,MISC,0,143,7,,,
google_300864160201,122,instance_300864160201_202,1,13,200,1,0,MISC,1,56,21,,,
google_122697038507,248,instance_122697038507_6795,1,10,200,1,0,MISC,0,66,40,,,
google_784634965149,168,instance_784634965149_407,1,8,100,1,0,MISC,2,196,24,,,
google_25911621841,404,instance_25911621841_3030,1,6,100,1,250,T4,1,91,43,,,
google_294544747384,102,instance_294544747384_449,1,12,100,1,0,MISC,4,491,92,,,
google_284397977879,244,instance_284397977879_10301,1,11,100,1,0,MISC,2,174,90,,,
google_313624467410,180,instance_313624467410_3341,1,10,100,1,0,MISC,0,127,75,,,
google_346556401280,113,instance_346556401280_9860,1,9,400,2,0,MISC,2,265,88,,,
google_751510677348,85,instance_751510677348_14479,1,10,100,1,0,MISC,3,102,68,,,
google_322066611026,236,instance_322066611026_29,1,12,300,1,0,MISC,1,192,73,,,
google_67769965280,241,instance_67769965280_726,1,12,1200,4,0,MISC,2,420,16,,,
google_755686677250,232,instance_755686677250_3957,1,9,100,1,0,MISC,1,96,85,,,
google_755686677250,232,instance_755686677250_7441,1,10,100,1,0,MISC,1,108,24,,,
google_330587225433,72,instance_330587225433_16,1,11,100,2,0,MISC,0,361,27,,,
google_63256601796,389,instance_63256601796_1075,1,11,100,1,0,MISC,1,118,18,,,
google_491881218800,205,instance_491881218800_254,1,10,100,2,150,P100,2,501,78,,,
google_300849357479,65,instance_300849357479_1820,1,14,200,1,0,MISC,2,320,20,,,
google_221495415010,2,instance_221495415010_1530,1,9,100,1,200,T4,3,176,18,,,
google_236368116431,361,instance_236368116431_97204,1,15,100,1,0,MISC,2,439,71,,,
google_260725669813,3,instance_260725669813_148,1,9,100,1,0,MISC,1,76,10,,,
google_382097962345,134,instance_382097962345_417,1,9,100,1,0,MISC,2,266,40,,,
google_222221471174,112,instance_222221471174_322,1,10,100,1,0,MISC,0,173,17,,,
google_122697038507,312,instance_122697038507_4788,1,8,200,1,0,MISC,3,290,36,,,
google_755686677250,232,instance_755686677250_3292,1,12,100,1,0,MISC,1,44,72,,,
google_236368116431,338,instance_236368116431_89393,1,12,100,1,0,MISC,1,224,26,,,
google_20754560042,337,instance_20754560042_2542,1,14,100,1,0,MISC,2,526,41,,,
google_346556401280,113,instance_346556401280_517,1,11,400,2,0,MISC,2,712,39,,,
google_116646838687,57,instance_116646838687_17,1,13,100,1,0,MISC,1,247,37,,,
google_294470514509,215,instance_294470514509_216,1,10,600,2,0,MISC,3,127,23,,,
google_361048929605,30,instance_361048929605_2804,1,9,100,1,0,MISC,1,186,56,,,
google_12983065531,61,instance_12983065531_378,1,8,500,1,0,MISC,2,258,95,,,
google_294544747384,102,instance_294544747384_1022,1,13,100,1,0,MISC,1,36,36,,,
google_35039732574,282,instance_35039732574_3702,1,10,100,1,200,T4,0,183,45,,,
google_788034524199,87,instance_788034524199_1995,1,16,100,2,0,MISC,0,146,77,,,
google_471566617828,136,instance_471566617828_7740,1,8,100,1,0,MISC,1,391,42,,,
google_198451272245,49,instance_198451272245_181,1,7,100,2,0,MISC,1,155,18,,,
google_36195151947,106,instance_36195151947_6917,1,10,100,1,0,MISC,2,405,25,,,
google_326995662958,399,instance_326995662958_86742,1,9,100,1,0,MISC,1,76,31,,,
google_55653690268,84,instance_55653690268_896,1,7,200,1,250,T4,1,183,14,,,
google_221495648196,1,instance_221495648196_1547,1,9,100,1,0,MISC,0,157,7,,,
google_326995662958,399,instance_326995662958_64411,1,6,100,1,0,MISC,1,158,84,,,
google_299995986371,413,instance_299995986371_32444,1,9,100,1,0,MISC,0,307,62,,,
google_796037227562,134,instance_796037227562_25270,1,11,100,1,0,MISC,3,205,33,,,
google_237301564544,403,instance_237301564544_1122,1,8,100,1,0,MISC,0,109,29,,,
google_755686677250,232,instance_755686677250_1171,1,12,100,1,0,MISC,3,292,88,,,
google_128073966478,17,instance_128073966478_2432,1,10,100,1,0,MISC,0,51,57,,,
google_17305772683,251,instance_17305772683_2843,1,7,600,6,0,MISC,1,137,23,,,
google_116646838687,368,instance_116646838687_17,1,7,100,1,0,MISC,1,111,37,,,
google_18257405825,214,instance_18257405825_59,1,6,200,2,0,MISC,0,80,24,,,
google_105142593258,108,instance_105142593258_516,1,8,100,1,0,MISC,1,82,48,,,
google_376863375062,82,instance_376863375062_168,1,6,100,1,0,MISC,1,90,39,,,
google_755686677250,232,instance_755686677250_9333,1,7,100,1,0,MISC,1,191,34,,,
google_312211473855,122,instance_312211473855_13661,1,8,100,1,0,MISC,1,125,71,,,
google_460275289354,80,instance_460275289354_413,1,8,200,10,200,P100,0,108,70,,,
google_260289665763,296,instance_260289665763_974,1,9,100,1,0,MISC,1,37,21,,,
google_455072692024,171,instance_455072692024_613,1,11,200,1,250,V100,0,172,6,,,
google_796037227562,134,instance_796037227562_24931,1,9,100,1,0,MISC,0,23,70,,,
google_116646838687,368,instance_116646838687_17,1,12,100,1,150,T4,5,1101,39,,,
google_796037227562,134,instance_796037227562_10235,1,6,100,1,0,MISC,0,74,29,,,
google_328360358570,415,instance_328360358570_123,1,12,1100,3,0,MISC,1,65,36,,,
google_299950238673,79,instance_299950238673_5537,1,8,100,1,0,MISC,1,468,59,,,
google_795842128488,109,instance_795842128488_409,1,14,100,1,0,MISC,1,110,60,,,
google_368969043652,378,instance_368969043652_482,1,6,100,1,0,MISC,1,119,92,,,
google_793077145663,152,instance_793077145663_1004,1,7,100,2,100,V100,0,93,36,,,
google_784488673642,215,instance_784488673642_12457,1,10,100,2,0,MISC,0,45,92,,,
google_36376035925,315,instance_36376035925_2272,1,8,300,1,0,MISC,1,32,23,,,
google_39516997747,293,instance_39516997747_882,1,9,100,1,0,MISC,0,76,94,,,
google_280991165603,406,instance_280991165603_1678,1,10,200,1,50,A100,2,460,21,,,
google_348020181306,409,instance_348020181306_5,1,8,100,2,0,MISC,2,343,24,,,
google_324708383074,367,instance_324708383074_32213,1,11,100,1,0,MISC,2,310,33,,,
google_261561510320,167,instance_261561510320_360,1,11,200,1,50,V100,2,797,14,,,
google_383174347137,173,instance_383174347137_1069,1,6,100,1,0,MISC,2,116,49,,,
google_25911621841,251,instance_25911621841_5439,1,11,100,1,0,MISC,2,706,76,,,
google_788034524199,87,instance_788034524199_1478,1,11,100,2,0,MISC,2,269,94,,,
google_18257403119,110,instance_18257403119_764,1,15,200,1,50,T4,2,675,16,,,
google_498620479395,369,instance_498620479395_376,1,10,200,2,0,MISC,1,175,54,,,
google_116646838687,368,instance_116646838687_17,1,11,100,1,0,MISC,5,164,40,,,
google_322792263324,308,instance_322792263324_43,1,21,4700,34,0,MISC,2,726,43,,,
google_236368116431,338,instance_236368116431_47026,1,14,100,1,0,MISC,2,98,53,,,
google_755686677250,232,instance_755686677250_9573,1,11,100,1,0,MISC,2,474,59,,,
google_128073966478,17,instance_128073966478_3792,1,10,100,1,250,P100,2,138,71,,,
google_25911621841,404,instance_25911621841_1207,1,12,100,1,100,P100,1,87,58,,,
google_783476663253,60,instance_783476663253_308,1,10,100,1,0,MISC,1,179,35,,,
google_281872189215,105,instance_281872189215_236,1,10,100,1,0,MISC,1,199,28,,,
google_326995662958,399,instance_326995662958_5857,1,6,100,1,0,MISC,0,197,30,,,
google_460275289354,80,instance_460275289354_656,1,10,200,9,0,MISC,2,1319,38,,,
google_755369144062,235,instance_755369144062_15447,1,7,100,2,250,P100,1,71,30,,,
google_25911621841,251,instance_25911621841_3907,1,8,100,1,0,MISC,0,69,33,,,
google_460275289354,80,instance_460275289354_663,1,9,200,5,0,MISC,2,149,77,,,
google_755686677250,232,instance_755686677250_8695,1,9,100,1,0,MISC,0,87,31,,,
google_116646838687,57,instance_116646838687_40,1,8,100,1,0,MISC,4,323,30,,,
google_754423349455,260,instance_754423349455_1056,1,11,200,1,0,MISC,3,485,67,,,
google_260697606809,3,instance_260697606809_123,1,9,100,1,0,MISC,0,168,16,,,
google_798583577301,188,instance_798583577301_440,1,10,100,1,0,MISC,0,143,75,,,
google_823800290622,397,instance_823800290622_1953,1,6,100,25,0,MISC,2,848,70,,,
google_788034524199,87,instance_788034524199_1495,1,9,100,3,0,MISC,1,329,48,,,
google_25911621841,251,instance_25911621841_2423,1,6,100,1,0,MISC,3,555,94,,,
google_234373483119,225,instance_234373483119_478,1,13,400,1,0,MISC,2,56,53,,,
google_799906496464,203,instance_799906496464_1305,1,13,100,1,0,MISC,2,210,85,,,
google_358931119334,241,instance_358931119334_861,1,9,100,1,0,MISC,0,266,77,,,
google_773871037092,71,instance_773871037092_19380,1,10,100,1,0,MISC,1,316,90,,,
google_122697038507,312,instance_122697038507_5012,1,8,200,1,0,MISC,1,238,31,,,
google_236368116431,361,instance_236368116431_935,1,16,100,1,0,MISC,1,78,33,,,
google_236368116431,361,instance_236368116431_11887,1,9,100,1,0,MISC,1,72,31,,,
google_14423004927,318,instance_14423004927_969,1,10,100,1,0,MISC,0,118,56,,,
google_755686677250,232,instance_755686677250_2360,1,9,100,1,0,MISC,1,220,68,,,
google_796037227562,134,instance_796037227562_23690,1,10,100,1,0,MISC,1,136,92,,,
google_755686677250,232,instance_755686677250_5233,1,10,100,1,0,MISC,0,37,92,,,
google_281737345673,106,instance_281737345673_624,1,9,300,1,0,MISC,1,105,38,,,
google_299950268040,24,instance_299950268040_5430,1,10,100,1,150,P100,1,41,47,,,
google_497733596373,319,instance_497733596373_746,1,16,200,4,0,MISC,3,316,82,,,
google_236368116431,361,instance_236368116431_10521,1,12,100,1,0,MISC,1,80,93,,,
google_348547149798,206,instance_348547149798_1278,1,8,200,1,0,MISC,3,138,9,,,
google_243453022755,428,instance_243453022755_785,1,12,100,1,0,MISC,4,184,86,,,
google_382938982043,164,instance_382938982043_112,1,9,100,1,0,MISC,0,202,31,,,
google_67285021809,417,instance_67285021809_521,1,13,200,1,0,MISC,1,114,13,,,
google_36376033673,25,instance_36376033673_4946,1,15,200,2,0,MISC,2,205,9,,,
google_91792851899,247,instance_91792851899_1260,1,9,300,2,200,T4,1,208,9,,,
google_234148743027,210,instance_234148743027_314,1,9,400,1,0,MISC,1,77,37,,,
google_230863557562,253,instance_230863557562_172,1,12,200,3,0,MISC,1,148,35,,,
google_234110004511,320,instance_234110004511_617,1,8,200,1,0,MISC,2,306,71,,,
google_299950261447,17,instance_299950261447_3029,1,10,200,1,0,MISC,0,155,82,,,
google_784488673642,215,instance_784488673642_19098,1,10,100,2,0,MISC,0,57,76,,,
google_18318379111,5,instance_18318379111_111,1,8,100,1,0,MISC,0,123,22,,,
google_751510677348,85,instance_751510677348_12516,1,12,100,1,50,V100,0,81,58,,,
google_755686677250,232,instance_755686677250_8345,1,7,100,1,0,MISC,1,96,87,,,
google_360399818442,83,instance_360399818442_133,1,13,200,1,150,T4,0,294,25,,,
google_793077145663,152,instance_793077145663_4369,1,10,100,2,0,MISC,0,414,24,,,
google_39516997747,261,instance_39516997747_186,1,6,100,1,0,MISC,1,114,25,,,
google_821093596435,369,instance_821093596435_382,1,8,200,1,0,MISC,4,288,10,,,
google_379491243491,72,instance_379491243491_1665,1,11,100,1,0,MISC,6,1445,79,,,
google_236368116431,361,instance_236368116431_15834,1,9,100,1,0,MISC,2,642,27,,,
google_96110849886,269,instance_96110849886_3117,1,6,200,2,0,MISC,1,33,20,,,
google_315267875638,30,instance_315267875638_27061,1,14,200,1,0,MISC,1,66,85,,,
google_348547149798,206,instance_348547149798_1405,1,13,200,1,0,MISC,3,85,19,,,
google_796037227562,134,instance_796037227562_2512,1,9,100,1,0,MISC,1,108,62,,,
google_799906496464,203,instance_799906496464_1493,1,12,100,1,0,MISC,1,271,72,,,
google_63256601506,333,instance_63256601506_66,1,14,300,6,0,MISC,1,63,6,,,
google_39516992187,12,instance_39516992187_4869,1,9,100,1,0,MISC,0,512,64,,,
google_275444479605,27,instance_275444479605_848,1,11,100,1,0,MISC,2,165,90,,,
google_368969043652,378,instance_368969043652_2720,1,12,100,1,0,MISC,1,221,74,,,
google_368969043652,378,instance_368969043652_814,1,13,100,1,0,MISC,2,136,80,,,
google_346556401280,113,instance_346556401280_868,1,8,400,2,0,MISC,1,160,96,,,
google_25911627449,65,instance_25911627449_4922,1,18,100,1,0,MISC,3,339,86,,,
google_299950282965,12,instance_299950282965_3033,1,6,100,1,0,MISC,2,257,87,,,
google_4578802523,154,instance_4578802523_509,1,11,100,1,250,T4,2,301,6,,,
google_276591423103,4,instance_276591423103_610,1,9,100,1,0,MISC,3,841,6,,,
google_384929736739,239,instance_384929736739_2165,1,9,100,1,0,MISC,1,153,59,,,
google_758123505607,280,instance_758123505607_2749,1,13,100,1,0,MISC,3,320,96,,,
google_784245858759,46,instance_784245858759_2551,1,13,100,3,0,MISC,1,59,54,,,
google_499505955293,380,instance_499505955293_5291,1,12,100,1,0,MISC,2,36,58,,,
google_773871037092,71,instance_773871037092_6932,1,7,100,1,0,MISC,1,90,35,,,
google_800300742894,263,instance_800300742894_36266,1,11,100,1,0,MISC,1,214,24,,,
google_4741149103,361,instance_4741149103_6072,1,9,100,1,0,MISC,0,77,37,,,
google_157857385389,253,instance_157857385389_2534,1,7,300,14,0,MISC,1,362,72,,,
google_710255342622,157,instance_710255342622_3969,1,11,100,1,0,MISC,1,58,79,,,
google_4578802523,154,instance_4578802523_843,1,9,100,2,0,MISC,1,84,21,,,
google_737327470532,43,instance_737327470532_16288,1,6,100,2,0,MISC,0,80,31,,,
google_755686677250,232,instance_755686677250_9220,1,6,100,1,0,MISC,0,186,91,,,
google_784488673642,215,instance_784488673642_15634,1,10,100,2,0,MISC,0,105,91,,,
google_458310093218,43,instance_458310093218_5443,1,6,100,1,0,MISC,3,168,38,,,
google_261561462597,357,instance_261561462597_104,1,11,200,4,250,P100,4,373,58,,,
google_218059363361,28,instance_218059363361_211,1,6,700,5,0,MISC,3,524,12,,,
google_25911621841,251,instance_25911621841_4046,1,6,100,1,0,MISC,1,232,89,,,
google_370794992766,427,instance_370794992766_64908,1,16,100,1,0,MISC,3,329,68,,,
google_308411613220,64,instance_308411613220_534,1,12,100,1,0,MISC,1,218,82,,,
google_128073966478,17,instance_128073966478_5255,1,12,100,1,0,MISC,2,186,92,,,
google_116646838687,368,instance_116646838687_17,1,10,100,1,0,MISC,2,135,25,,,
google_774720011087,52,instance_774720011087_1138,1,10,200,1,50,V100,1,97,10,,,
google_743847316475,75,instance_743847316475_1893,1,9,100,1,0,MISC,2,575,42,,,
google_359738451006,311,instance_359738451006_19356,1,11,100,1,0,MISC,4,280,71,,,
google_285720586621,221,instance_285720586621_3796,1,14,100,2,0,MISC,1,107,34,,,
google_294544747384,291,instance_294544747384_6703,1,14,100,1,0,MISC,2,340,70,,,
google_220585858647,285,instance_220585858647_463,1,11,100,1,0,MISC,1,106,16,,,
google_358931119334,241,instance_358931119334_484,1,6,100,1,0,MISC,2,517,93,,,
google_14423004927,318,instance_14423004927_2232,1,7,100,1,0,MISC,2,139,90,,,
google_308136397922,33,instance_308136397922_76,1,14,300,1,0,MISC,4,1300,25,,,
google_6315539196,283,instance_6315539196_146,1,9,300,1,150,V100,0,87,66,,,
google_358931119334,241,instance_358931119334_991,1,14,100,1,0,MISC,0,73,60,,,
google_5448183242,192,instance_5448183242_202,1,8,100,1,0,MISC,1,194,64,,,
google_221495509609,303,instance_221495509609_1353,1,13,100,1,0,MISC,2,278,18,,,
google_128073966478,17,instance_128073966478_1848,1,9,100,1,0,MISC,2,114,73,,,
google_332929855732,26,instance_332929855732_173,1,14,300,2,0,MISC,2,178,30,,,
google_821093596435,369,instance_821093596435_544,1,6,200,1,0,MISC,0,66,6,,,
google_755686677250,232,instance_755686677250_2979,1,11,100,1,0,MISC,1,248,42,,,
google_796037227562,134,instance_796037227562_19049,1,10,100,1,0,MISC,3,361,25,,,
google_122697038507,312,instance_122697038507_812,1,6,200,1,0,MISC,1,66,18,,,
google_300849357479,65,instance_300849357479_36,1,16,200,1,0,MISC,1,252,14,,,
google_315268936181,79,instance_315268936181_780,1,11,100,1,0,MISC,2,160,37,,,
google_819601137661,356,instance_819601137661_276,1,6,200,1,0,MISC,1,222,10,,,
google_710255342622,157,instance_710255342622_4430,1,13,100,1,0,MISC,1,58,51,,,
google_383161776481,172,instance_383161776481_555,1,13,100,1,0,MISC,4,1557,68,,,
google_314894065526,218,instance_314894065526_23473,1,6,100,1,0,MISC,1,291,77,,,
google_798929580910,200,instance_798929580910_2440,1,8,100,1,0,MISC,0,220,21,,,
google_382097962345,134,instance_382097962345_696,1,8,100,1,0,MISC,3,530,35,,,
google_261379492804,225,instance_261379492804_28,1,9,100,1,0,MISC,4,477,23,,,
google_276591425608,17,instance_276591425608_135,1,6,200,1,0,MISC,0,120,24,,,
google_478343152042,175,instance_478343152042_1338,1,10,200,1,100,V100,0,174,15,,,
google_500165328876,389,instance_500165328876_68,1,9,200,2,0,MISC,1,154,50,,,
google_753764804451,54,instance_753764804451_64,1,8,100,1,0,MISC,1,182,61,,,
google_460016548579,70,instance_460016548579_1940,1,15,200,1,0,MISC,1,197,35,,,
google_382097962345,134,instance_382097962345_625,1,10,100,1,0,MISC,1,493,36,,,
google_793077145663,111,instance_793077145663_13230,1,15,100,2,250,A100,0,172,39,,,
google_276842727140,100,instance_276842727140_882,1,10,100,1,0,MISC,2,170,20,,,
google_731638447469,213,instance_731638447469_107,1,9,200,1,200,A100,1,642,6,,,
google_128073966478,17,instance_128073966478_34,1,10,100,1,0,MISC,5,1808,68,,,
google_14423004927,408,instance_14423004927_519,1,9,100,1,0,MISC,0,424,64,,,
google_799886065998,292,instance_799886065998_837,1,9,200,1,250,A100,4,657,15,,,
google_11501329772,90,instance_11501329772_3317,1,12,100,1,0,MISC,2,163,18,,,
google_346556401280,113,instance_346556401280_3479,1,11,400,2,0,MISC,1,67,49,,,
google_460016548579,70,instance_460016548579_1903,1,13,200,1,0,MISC,0,61,67,,,
google_285748622961,272,instance_285748622961_4199,1,6,100,1,0,MISC,3,425,58,,,
google_221194003087,106,instance_221194003087_582,1,10,200,3,250,V100,5,1286,88,,,
google_221495509609,151,instance_221495509609_1565,1,10,200,1,0,MISC,1,154,7,,,
google_815322757780,366,instance_815322757780_2654,1,12,100,1,200,A100,1,100,36,,,
google_139551902386,353,instance_139551902386_276,1,7,200,1,50,V100,1,265,6,,,
google_394549186960,335,instance_394549186960_1095,1,7,100,1,0,MISC,2,213,93,,,
google_802251138576,251,instance_802251138576_18,1,10,100,1,0,MISC,0,111,35,,,
google_769360042539,18,instance_769360042539_2250,1,8,200,1,0,MISC,0,217,9,,,
google_492003339991,100,instance_492003339991_64,1,9,300,2,0,MISC,4,365,8,,,
google_742309193032,52,instance_742309193032_7954,1,11,200,1,0,MISC,3,457,80,,,
google_260697606809,3,instance_260697606809_1858,1,14,100,1,150,P100,1,51,8,,,
google_236368116431,361,instance_236368116431_104900,1,10,100,1,0,MISC,1,256,82,,,
google_296904234410,325,instance_296904234410_156,1,8,100,3,0,MISC,1,182,75,,,
google_218054865383,403,instance_218054865383_3,1,14,100,1,0,MISC,2,232,24,,,
google_203075380957,68,instance_203075380957_228,1,13,1100,2,200,A100,0,128,22,,,
google_758263544732,283,instance_758263544732_5952,1,14,100,1,0,MISC,2,58,68,,,
google_14423004927,318,instance_14423004927_969,1,15,100,1,0,MISC,1,129,53,,,
google_275444626052,54,instance_275444626052_5222,1,10,100,1,0,MISC,2,345,94,,,
google_309328425545,378,instance_309328425545_152,1,10,100,1,250,P100,1,223,22,,,
google_212549666260,83,instance_212549666260_266,1,10,100,1,200,T4,3,259,68,,,
google_383602317196,188,instance_383602317196_444,1,13,100,1,0,MISC,0,148,36,,,
google_299950279278,53,instance_299950279278_5856,1,16,100,1,0,MISC,2,223,60,,,
google_14423004927,318,instance_14423004927_1690,1,6,100,1,200,A100,1,130,65,,,
google_795842128488,109,instance_795842128488_1163,1,6,100,1,0,MISC,3,405,86,,,
google_735991340813,109,instance_735991340813_1218,1,8,200,1,0,MISC,1,239,21,,,
google_737254182852,195,instance_737254182852_2374,1,9,200,1,0,MISC,0,79,16,,,
google_276430264854,13,instance_276430264854_625,1,6,100,1,0,MISC,0,257,12,,,
google_14423004927,318,instance_14423004927_1328,1,10,100,1,0,MISC,1,28,79,,,
google_323371584661,313,instance_323371584661_441,1,9,100,1,0,MISC,0,120,67,,,
google_294544747384,291,instance_294544747384_6834,1,12,100,1,0,MISC,0,37,44,,,
google_308136397922,33,instance_308136397922_586,1,18,300,1,0,MISC,4,405,29,,,
google_145247935279,386,instance_145247935279_776,1,11,100,1,0,MISC,1,186,22,,,
google_39516992187,12,instance_39516992187_1753,1,8,100,1,0,MISC,1,320,49,,,
google_310582627588,126,instance_310582627588_97,1,12,600,2,0,MISC,1,82,18,,,
google_312270050639,134,instance_312270050639_6212,1,8,200,1,0,MISC,4,634,31,,,
google_122697038507,312,instance_122697038507_1191,1,12,200,1,0,MISC,3,926,33,,,
google_796037227562,134,instance_796037227562_2122,1,10,100,1,0,MISC,0,53,86,,,
google_460016548579,70,instance_460016548579_942,1,12,200,1,0,MISC,2,276,34,,,
google_460016548579,70,instance_460016548579_1132,1,11,200,1,0,MISC,1,382,66,,,
google_219840706319,23,instance_219840706319_170,1,11,400,1,0,MISC,3,127,43,,,
google_238749114434,347,instance_238749114434_634,1,12,400,6,0,MISC,2,338,48,,,
google_239426558902,383,instance_239426558902_5120,1,11,200,1,0,MISC,5,807,84,,,
google_330587204926,236,instance_330587204926_1207,1,8,200,1,0,MISC,0,46,15,,,
google_763369045219,296,instance_763369045219_1516,1,10,100,1,0,MISC,1,119,24,,,
google_755686677250,232,instance_755686677250_11601,1,6,100,1,0,MISC,0,54,47,,,
google_275444479605,68,instance_275444479605_123,1,12,100,1,0,MISC,0,241,74,,,
google_128073966478,17,instance_128073966478_3900,1,10,100,1,150,P100,3,630,49,,,
google_302935146210,10,instance_302935146210_329,1,18,400,1,0,MISC,2,213,19,,,
google_710255342622,341,instance_710255342622_2036,1,9,100,1,50,A100,1,208,46,,,
google_370794995307,424,instance_370794995307_18153,1,6,100,1,0,MISC,1,469,67,,,
google_747887147947,134,instance_747887147947_1586,1,10,100,1,0,MISC,0,271,64,,,
google_4741149133,209,instance_4741149133_6751,1,11,100,1,150,P100,0,87,45,,,
google_284637788259,173,instance_284637788259_522,1,8,100,1,0,MISC,1,42,59,,,
google_13439396863,315,instance_13439396863_3106,1,13,800,2,0,MISC,0,74,12,,,
google_260725669813,89,instance_260725669813_1800,1,11,100,1,0,MISC,3,489,24,,,
google_463985716379,126,instance_463985716379_1145,1,7,100,1,0,MISC,0,66,24,,,
google_230863557562,253,instance_230863557562_666,1,8,200,3,0,MISC,2,96,87,,,
google_122697038507,312,instance_122697038507_5271,1,7,200,1,50,V100,1,182,39,,,
google_495154485825,304,instance_495154485825_7500,1,11,200,2,0,MISC,1,66,26,,,
google_36376033673,25,instance_36376033673_1997,1,18,1000,3,0,MISC,3,434,13,,,
google_496921116211,329,instance_496921116211_11843,1,9,100,1,0,MISC,1,43,91,,,
google_383128227073,170,instance_383128227073_183,1,10,100,1,0,MISC,0,86,36,,,
google_795842128488,109,instance_795842128488_1475,1,12,100,1,0,MISC,2,338,77,,,
google_277469535958,91,instance_277469535958_879,1,14,100,1,150,V100,0,422,9,,,
google_9044637978,230,instance_9044637978_12,1,6,100,2,0,MISC,0,100,11,,,
google_324708383074,338,instance_324708383074_8482,1,10,100,1,0,MISC,2,645,41,,,
google_260725669813,3,instance_260725669813_112,1,12,100,1,50,A100,3,558,15,,,
google_346556401280,113,instance_346556401280_4548,1,15,400,2,0,MISC,2,316,76,,,
google_739764447576,36,instance_739764447576_21,1,7,100,20,0,MISC,0,198,28,,,
google_369356810565,409,instance_369356810565_12268,1,12,100,1,0,MISC,1,103,95,,,
google_236368116431,338,instance_236368116431_23267,1,7,100,1,0,MISC,0,98,34,,,
google_308136397922,33,instance_308136397922_578,1,13,300,1,0,MISC,2,86,25,,,
google_275444626052,54,instance_275444626052_15926,1,11,100,1,0,MISC,1,98,83,,,
google_330587225433,72,instance_330587225433_614,1,8,100,2,0,MISC,1,379,40,,,
google_156608138934,3,instance_156608138934_808,1,11,700,10,0,MISC,2,107,65,,,
google_358931119334,241,instance_358931119334_2090,1,15,100,1,0,MISC,2,578,76,,,
google_500459624427,395,instance_500459624427_2738,1,7,100,1,0,MISC,1,63,60,,,
google_14423004927,318,instance_14423004927_2436,1,6,100,1,0,MISC,1,61,37,,,
google_798205633057,274,instance_798205633057_672,1,11,100,1,0,MISC,1,49,17,,,
google_774720011087,52,instance_774720011087_570,1,7,200,1,0,MISC,1,79,17,,,
google_11646884283,295,instance_11646884283_176,1,20,1000,2,0,MISC,1,53,17,,,
google_122697038507,312,instance_122697038507_1191,1,9,200,1,0,MISC,0,81,34,,,
google_14423004927,318,instance_14423004927_1199,1,11,100,1,200,T4,0,240,36,,,
google_236368116431,361,instance_236368116431_18761,1,11,100,1,0,MISC,1,178,95,,,
google_14423004927,318,instance_14423004927_1021,1,10,100,1,0,MISC,0,375,46,,,
google_261465308671,34,instance_261465308671_1291,1,12,100,1,250,A100,3,348,6,,,
google_287660738206,277,instance_287660738206_235,1,9,100,2,0,MISC,0,142,88,,,
google_128055355994,4,instance_128055355994_241,1,14,2500,26,0,MISC,3,936,32,,,
google_348547152567,172,instance_348547152567_713,1,10,200,1,50,T4,1,297,6,,,
google_796037227562,134,instance_796037227562_4481,1,10,100,1,0,MISC,3,585,71,,,
google_198451272245,49,instance_198451272245_181,1,12,100,2,200,V100,0,107,12,,,
google_743873705541,124,instance_743873705541_366,1,12,100,1,0,MISC,1,127,56,,,
google_737327470532,175,instance_737327470532_1662,1,12,100,2,0,MISC,1,178,25,,,
google_157857385389,253,instance_157857385389_223,1,6,300,14,0,MISC,1,197,70,,,
google_311869039735,153,instance_311869039735_3498,1,6,100,1,0,MISC,1,36,81,,,
google_795842128488,109,instance_795842128488_934,1,13,100,1,0,MISC,2,182,81,,,
google_203515545856,155,instance_203515545856_184,1,14,100,1,0,MISC,3,630,21,,,
google_237608136494,316,instance_237608136494_296,1,11,100,1,0,MISC,0,192,35,,,
google_314894065526,218,instance_314894065526_18030,1,12,100,1,0,MISC,2,63,39,,,
google_300836006795,195,instance_300836006795_446,1,8,200,1,250,P100,1,167,23,,,
google_494775292777,234,instance_494775292777_889,1,10,100,1,0,MISC,3,377,62,,,
google_128073966478,17,instance_128073966478_2884,1,7,100,1,250,T4,1,120,38,,,
google_260725669813,3,instance_260725669813_1343,1,9,100,1,0,MISC,3,130,8,,,
google_294470513781,39,instance_294470513781_340,1,14,2200,14,0,MISC,2,124,11,,,
google_237727197261,90,instance_237727197261_799,1,19,600,2,0,MISC,0,193,22,,,
google_4741149133,40,instance_4741149133_2602,1,6,100,1,0,MISC,1,31,21,,,
google_294470514509,215,instance_294470514509_88,1,16,600,2,0,MISC,0,72,15,,,
google_710255342622,341,instance_710255342622_12528,1,6,100,1,250,P100,2,241,33,,,
google_261560021823,45,instance_261560021823_310,1,10,100,1,100,P100,0,67,7,,,
google_357875318157,243,instance_357875318157_6217,1,8,100,1,0,MISC,0,72,54,,,
google_261465308671,34,instance_261465308671_752,1,7,100,1,0,MISC,0,49,10,,,
google_281997970469,108,instance_281997970469_217,1,9,100,1,0,MISC,1,95,41,,,
google_314896209436,310,instance_314896209436_16,1,13,300,1,0,MISC,1,43,45,,,
google_739764447576,36,instance_739764447576_422,1,12,100,20,0,MISC,3,220,62,,,
google_471566617828,131,instance_471566617828_4996,1,8,100,1,0,MISC,2,405,53,,,
google_276430264854,13,instance_276430264854_2072,1,10,100,1,100,P100,1,412,23,,,
google_455759122797,13,instance_455759122797_1346,1,8,100,1,250,A100,0,174,39,,,
google_800553398752,285,instance_800553398752_2372,1,11,100,1,0,MISC,1,134,20,,,
google_500165328876,389,instance_500165328876_59,1,6,200,2,0,MISC,0,51,47,,,
google_261561515322,6,instance_261561515322_100,1,10,200,1,0,MISC,2,116,8,,,
google_735991340813,21,instance_735991340813_686,1,16,200,1,0,MISC,4,850,17,,,
google_276288305434,35,instance_276288305434_2011,1,13,200,1,0,MISC,0,64,13,,,
google_755686677250,232,instance_755686677250_4323,1,9,100,1,100,A100,0,226,95,,,
google_98820945789,380,instance_98820945789_666,1,11,100,1,0,MISC,2,185,46,,,
google_25911621841,251,instance_25911621841_3907,1,10,100,1,0,MISC,0,70,36,,,
google_72569821826,366,instance_72569821826_1096,1,7,100,1,0,MISC,1,120,21,,,
google_499505955293,380,instance_499505955293_4480,1,12,100,1,0,MISC,2,368,43,,,
google_122697038507,312,instance_122697038507_1191,1,14,200,1,0,MISC,1,58,48,,,
google_19727789660,356,instance_19727789660_415,1,11,1000,2,0,MISC,0,397,16,,,
google_260725669813,89,instance_260725669813_335,1,10,100,1,0,MISC,2,346,21,,,
google_229648915940,285,instance_229648915940_191,1,6,100,1,0,MISC,2,100,75,,,
google_278143657170,287,instance_278143657170_591,1,8,200,1,0,MISC,2,792,10,,,
google_203075380957,68,instance_203075380957_70,1,10,1100,2,0,MISC,2,380,8,,,
google_781075802527,67,instance_781075802527_545,1,9,100,1,0,MISC,0,92,6,,,
google_781395587588,27,instance_781395587588_1120,1,8,100,1,0,MISC,2,373,20,,,
google_710255342622,341,instance_710255342622_1468,1,8,100,1,100,A100,0,122,30,,,
google_96110857594,338,instance_96110857594_4727,1,12,100,1,250,V100,6,1090,6,,,
google_330587186206,150,instance_330587186206_1196,1,6,100,2,0,MISC,1,87,67,,,
google_285748468709,295,instance_285748468709_59394,1,11,100,1,0,MISC,2,81,78,,,
google_743944000332,72,instance_743944000332_646,1,8,200,2,0,MISC,3,480,81,,,
google_36974665335,69,instance_36974665335_927,1,12,100,1,0,MISC,1,123,8,,,
google_755686677250,232,instance_755686677250_7233,1,14,100,1,0,MISC,3,645,53,,,
google_39516992187,12,instance_39516992187_3643,1,8,100,1,0,MISC,3,1208,39,,,
google_1123179998,347,instance_1123179998_1434,1,12,500,3,0,MISC,1,48,20,,,
google_288497448483,290,instance_288497448483_2523,1,9,200,1,0,MISC,1,418,20,,,
google_359021574575,246,instance_359021574575_110,1,6,300,1,0,MISC,2,80,32,,,
google_315267883348,26,instance_315267883348_1240,1,13,300,3,0,MISC,2,509,81,,,
google_156608142553,233,instance_156608142553_170,1,6,100,1,0,MISC,0,151,48,,,
google_310886846301,81,instance_310886846301_396,1,7,500,1,0,MISC,2,211,42,,,
google_4741149133,209,instance_4741149133_7347,1,7,100,1,50,T4,2,141,17,,,
google_156608138934,3,instance_156608138934_708,1,11,700,10,0,MISC,2,323,33,,,
google_819601137661,356,instance_819601137661_19,1,9,200,1,0,MISC,2,343,22,,,
google_39516992187,12,instance_39516992187_6562,1,8,100,1,0,MISC,1,95,85,,,
google_128073966478,17,instance_128073966478_2140,1,7,100,1,0,MISC,3,679,82,,,
google_36195151947,106,instance_36195151947_1532,1,12,200,9,0,MISC,1,65,24,,,
google_236368116431,361,instance_236368116431_13977,1,11,100,1,0,MISC,0,77,43,,,
google_751510677348,85,instance_751510677348_5304,1,14,100,1,0,MISC,0,62,33,,,
google_383117225578,170,instance_383117225578_1496,1,7,100,1,0,MISC,1,33,36,,,
google_36195151947,106,instance_36195151947_341,1,6,200,2,0,MISC,3,334,45,,,
google_299950288763,5,instance_299950288763_11724,1,6,100,1,0,MISC,2,135,24,,,
google_14423004927,318,instance_14423004927_1281,1,7,100,1,0,MISC,3,164,70,,,
google_368922481336,372,instance_368922481336_26,1,9,100,1,0,MISC,2,355,74,,,
google_346556401280,113,instance_346556401280_12760,1,9,400,2,0,MISC,2,378,57,,,
google_461154315154,91,instance_461154315154_32,1,13,100,2,0,MISC,0,82,91,,,
google_276591425608,17,instance_276591425608_837,1,7,200,1,100,T4,3,873,6,,,
google_754604551828,210,instance_754604551828_0,1,9,100,1,0,MISC,1,81,44,,,
google_385353393692,275,instance_385353393692_3864,1,13,100,1,0,MISC,4,122,71,,,
google_12949595428,356,instance_12949595428_880,1,10,300,1,0,MISC,1,413,19,,,
google_228569719933,179,instance_228569719933_765,1,12,800,5,0,MISC,0,153,12,,,
google_784245858759,46,instance_784245858759_44,1,10,100,3,0,MISC,0,107,94,,,
google_784488673642,215,instance_784488673642_8705,1,10,100,2,0,MISC,0,44,76,,,
google_128073966478,17,instance_128073966478_2853,1,6,100,1,0,MISC,2,651,28,,,
google_796037227562,134,instance_796037227562_24593,1,11,100,1,0,MISC,2,140,35,,,
google_382938982043,164,instance_382938982043_1829,1,11,100,1,0,MISC,2,128,48,,,
google_39516992187,12,instance_39516992187_577,1,15,100,1,0,MISC,2,305,54,,,
google_330587204926,236,instance_330587204926_625,1,6,200,1,0,MISC,3,174,15,,,
google_710255342622,157,instance_710255342622_7030,1,9,100,1,0,MISC,1,240,40,,,
google_236368116431,338,instance_236368116431_77495,1,9,100,1,0,MISC,4,282,38,,,
google_758399796008,287,instance_758399796008_15648,1,10,200,5,0,MISC,1,200,27,,,
google_160232493655,220,instance_160232493655_1509,1,10,100,1,0,MISC,1,50,28,,,
google_25911621841,251,instance_25911621841_2423,1,12,100,1,0,MISC,1,274,96,,,
google_708969524828,22,instance_708969524828_2160,1,11,200,1,250,T4,0,240,11,,,
google_39516992187,12,instance_39516992187_7249,1,6,100,1,0,MISC,0,179,72,,,
google_296992962690,337,instance_296992962690_203,1,17,800,1,0,MISC,2,137,67,,,
google_116646838687,368,instance_116646838687_17,1,6,100,1,0,MISC,2,809,23,,,
google_186700016417,351,instance_186700016417_1776,1,9,200,1,0,MISC,0,55,14,,,
google_122697038507,312,instance_122697038507_4788,1,14,200,1,0,MISC,0,147,30,,,
google_261560076269,68,instance_261560076269_1214,1,7,100,1,0,MISC,0,121,14,,,
google_346556401280,113,instance_346556401280_9186,1,13,400,2,0,MISC,2,88,35,,,
google_145247935279,386,instance_145247935279_36,1,14,100,1,150,A100,6,995,8,,,
google_25911621841,251,instance_25911621841_2423,1,6,100,1,100,A100,1,692,63,,,
google_330587172974,321,instance_330587172974_16,1,15,200,3,0,MISC,1,95,39,,,
google_124477042559,5,instance_124477042559_301,1,11,100,1,0,MISC,0,123,26,,,
google_156608142553,233,instance_156608142553_751,1,9,100,1,0,MISC,2,173,37,,,
google_796037227562,134,instance_796037227562_671,1,6,100,1,0,MISC,1,195,36,,,
google_382938982043,164,instance_382938982043_1764,1,13,100,1,0,MISC,4,253,91,,,
google_7340988555,277,instance_7340988555_5058,1,7,100,1,0,MISC,1,84,23,,,
google_236368116431,361,instance_236368116431_38342,1,10,100,1,0,MISC,1,193,55,,,
google_784488673642,215,instance_784488673642_18130,1,14,100,2,0,MISC,1,105,78,,,
google_278143657170,411,instance_278143657170_182,1,11,200,1,100,P100,2,396,10,,,
google_330587207427,24,instance_330587207427_732,1,11,200,1,0,MISC,3,721,18,,,
google_20983438470,384,instance_20983438470_28,1,11,1000,2,0,MISC,0,249,18,,,
google_315268949986,23,instance_315268949986_1792,1,10,100,1,0,MISC,2,250,76,,,
google_212549661125,42,instance_212549661125_9124,1,9,100,1,0,MISC,1,73,66,,,
google_383128227073,170,instance_383128227073_796,1,10,100,1,0,MISC,1,133,41,,,
google_357875322573,290,instance_357875322573_22354,1,10,100,1,0,MISC,1,109,27,,,
google_374675823362,72,instance_374675823362_2378,1,13,100,1,0,MISC,1,125,32,,,
google_744360342241,103,instance_744360342241_0,1,14,100,1,0,MISC,2,64,15,,,
google_234109952238,212,instance_234109952238_5580,1,17,200,1,0,MISC,0,177,96,,,
google_795458820165,205,instance_795458820165_952,1,14,100,1,0,MISC,2,172,9,,,
google_287116228277,263,instance_287116228277_110,1,7,300,1,0,MISC,1,237,84,,,
google_795842128488,109,instance_795842128488_594,1,9,100,1,0,MISC,3,189,36,,,
google_384929736739,239,instance_384929736739_1513,1,8,100,1,0,MISC,2,928,41,,,
google_226257046441,430,instance_226257046441_400,1,6,100,1,0,MISC,1,74,10,,,
google_368969043652,378,instance_368969043652_58,1,13,100,1,0,MISC,3,138,60,,,
google_755686677250,232,instance_755686677250_7767,1,6,100,1,0,MISC,0,169,26,,,
google_22134187777,78,instance_22134187777_15,1,8,200,1,0,MISC,0,143,17,,,
google_288497448483,290,instance_288497448483_5178,1,15,800,2,50,A100,4,499,13,,,
google_322066611026,236,instance_322066611026_597,1,9,300,1,0,MISC,2,390,33,,,
google_25911621841,404,instance_25911621841_1486,1,10,100,1,0,MISC,2,347,74,,,
google_2203286584,76,instance_2203286584_1144,1,9,300,1,0,MISC,3,372,14,,,
google_784488673642,215,instance_784488673642_11455,1,9,100,2,0,MISC,1,94,64,,,
google_96110857594,7,instance_96110857594_2416,1,6,200,1,250,T4,0,385,8,,,
google_282155526518,144,instance_282155526518_4656,1,10,100,1,0,MISC,2,626,49,,,
google_323192067580,295,instance_323192067580_8,1,9,300,1,0,MISC,0,139,43,,,
google_234109949347,233,instance_234109949347_1739,1,9,100,1,0,MISC,2,731,75,,,
google_754872005672,284,instance_754872005672_1602,1,8,200,1,0,MISC,2,146,16,,,
google_788034520077,86,instance_788034520077_1877,1,6,100,3,0,MISC,2,440,94,,,
google_236835078104,327,instance_236835078104_286,1,11,200,2,0,MISC,1,38,28,,,
google_383174347137,173,instance_383174347137_623,1,12,100,1,0,MISC,0,216,41,,,
google_328029965942,411,instance_328029965942_17118,1,13,100,1,0,MISC,0,110,41,,,
google_35039732574,282,instance_35039732574_2710,1,9,100,1,50,T4,0,61,43,,,
google_22980368981,46,instance_22980368981_842,1,7,100,1,0,MISC,2,548,23,,,
google_128073966478,17,instance_128073966478_2405,1,11,100,1,0,MISC,0,135,86,,,
google_236368116431,338,instance_236368116431_26882,1,14,100,1,0,MISC,3,236,90,,,
google_25911621841,251,instance_25911621841_5439,1,6,100,1,0,MISC,2,214,49,,,
google_756094638917,239,instance_756094638917_6172,1,7,100,1,0,MISC,0,174,60,,,
google_261560021823,45,instance_261560021823_715,1,7,100,1,0,MISC,0,120,6,,,
google_4741149133,209,instance_4741149133_7044,1,11,100,1,0,MISC,3,112,21,,,
google_815322757780,321,instance_815322757780_76497,1,10,100,1,0,MISC,2,528,94,,,
google_83212368472,337,instance_83212368472_1481,1,12,300,3,0,MISC,3,599,17,,,
google_7340988555,327,instance_7340988555_630,1,6,200,4,0,MISC,0,159,18,,,
google_755533815564,231,instance_755533815564_4855,1,6,300,3,0,MISC,2,294,61,,,
google_2399970864,182,instance_2399970864_4776,1,8,300,1,0,MISC,1,163,20,,,
google_799906496464,203,instance_799906496464_1297,1,10,100,1,0,MISC,0,64,41,,,
google_374675839188,20,instance_374675839188_2518,1,6,100,2,0,MISC,1,179,46,,,
google_736854675452,184,instance_736854675452_2153,1,8,200,1,0,MISC,0,103,9,,,
google_376746270534,109,instance_376746270534_133,1,10,100,1,0,MISC,2,839,16,,,
google_156608138934,3,instance_156608138934_895,1,10,700,10,0,MISC,1,379,38,,,
google_116646838687,368,instance_116646838687_17,1,12,100,1,200,T4,2,188,20,,,
google_236368116431,361,instance_236368116431_43387,1,8,100,1,0,MISC,1,43,75,,,
google_12983065531,61,instance_12983065531_279,1,13,500,1,0,MISC,0,73,50,,,
google_326535360702,384,instance_326535360702_2759,1,10,300,1,0,MISC,0,198,82,,,
google_14423004927,318,instance_14423004927_1281,1,13,100,1,0,MISC,0,103,57,,,
google_357875317546,251,instance_357875317546_27122,1,12,100,1,0,MISC,2,872,80,,,
google_795458820165,205,instance_795458820165_291,1,9,100,1,0,MISC,2,576,24,,,
google_322847600665,361,instance_322847600665_412,1,7,600,2,0,MISC,0,30,11,,,
google_497104993625,320,instance_497104993625_456,1,6,100,1,0,MISC,0,86,29,,,
google_128073966478,17,instance_128073966478_3673,1,11,100,1,0,MISC,0,83,72,,,
google_461154315154,91,instance_461154315154_49,1,10,100,2,0,MISC,2,133,54,,,
google_454520770906,18,instance_454520770906_1742,1,6,200,1,0,MISC,3,391,27,,,
google_755686677250,232,instance_755686677250_3339,1,10,100,1,0,MISC,1,39,30,,,
google_236368116431,361,instance_236368116431_19168,1,8,100,1,0,MISC,2,148,25,,,
google_758123505607,280,instance_758123505607_966,1,10,100,1,0,MISC,1,94,80,,,
google_710255342622,341,instance_710255342622_4057,1,9,100,1,0,MISC,2,648,82,,,
google_793077145663,152,instance_793077145663_8082,1,10,100,2,0,MISC,2,91,34,,,
google_315000140703,287,instance_315000140703_385,1,7,100,1,0,MISC,2,375,85,,,
google_459387005812,100,instance_459387005812_602,1,11,200,3,0,MISC,1,435,43,,,
google_357611686044,195,instance_357611686044_1916,1,7,100,1,0,MISC,1,181,64,,,
google_501641591398,417,instance_501641591398_1532,1,14,400,2,0,MISC,0,71,80,,,
google_749068734047,128,instance_749068734047_7104,1,8,100,2,0,MISC,1,286,66,,,
google_737254182852,195,instance_737254182852_1304,1,6,200,1,0,MISC,0,51,14,,,
google_499904674658,393,instance_499904674658_3614,1,14,100,1,0,MISC,3,152,53,,,
google_128073972032,412,instance_128073972032_246,1,11,100,1,0,MISC,1,151,79,,,
google_461154315154,91,instance_461154315154_57,1,13,100,2,0,MISC,1,126,65,,,
google_297445687642,357,instance_297445687642_127,1,14,100,1,0,MISC,0,191,79,,,
google_784488673642,215,instance_784488673642_10479,1,10,100,2,0,MISC,0,129,96,,,
google_288497456405,409,instance_288497456405_11455,1,8,100,1,0,MISC,2,52,11,,,
google_276842727140,100,instance_276842727140_1369,1,9,200,1,0,MISC,0,145,9,,,
google_781075805028,16,instance_781075805028_295,1,14,200,1,0,MISC,1,62,11,,,
google_261465308671,90,instance_261465308671_526,1,8,100,1,0,MISC,1,52,22,,,
google_300864160201,122,instance_300864160201_885,1,6,100,1,0,MISC,1,137,15,,,
google_799739046666,237,instance_799739046666_29,1,11,100,1,0,MISC,0,81,21,,,
google_117798565803,128,instance_117798565803_305,1,8,100,1,0,MISC,0,189,9,,,
google_383161776481,172,instance_383161776481_741,1,10,100,1,0,MISC,1,96,51,,,
google_478343152042,175,instance_478343152042_803,1,14,200,1,0,MISC,0,90,24,,,
google_278143657170,411,instance_278143657170_1178,1,10,200,1,100,P100,1,96,15,,,
google_348792154279,92,instance_348792154279_525,1,14,300,2,0,MISC,1,29,56,,,
google_708969524828,101,instance_708969524828_2409,1,14,200,1,50,V100,4,1111,11,,,
google_460275289354,80,instance_460275289354_1759,1,16,200,10,0,MISC,5,1016,72,,,
google_20866460087,306,instance_20866460087_158,1,6,500,1,0,MISC,1,220,32,,,
google_221495433430,55,instance_221495433430_1475,1,10,200,1,0,MISC,0,54,19,,,
google_300849357479,65,instance_300849357479_579,1,13,100,1,0,MISC,1,96,11,,,
google_198451272245,49,instance_198451272245_8,1,6,100,2,0,MISC,1,33,22,,,
google_5448183242,39,instance_5448183242_1877,1,10,100,1,0,MISC,0,177,80,,,
google_458462880039,49,instance_458462880039_1966,1,11,100,1,0,MISC,1,115,48,,,
google_212549596499,67,instance_212549596499_1352,1,14,200,1,0,MISC,3,312,39,,,
google_256634092012,22,instance_256634092012_86,1,14,100,8,0,MISC,2,118,33,,,
google_796037227562,134,instance_796037227562_24593,1,11,100,1,0,MISC,2,307,57,,,
google_358931119334,241,instance_358931119334_2233,1,11,100,1,0,MISC,4,180,89,,,
google_755686677250,232,instance_755686677250_4765,1,8,100,1,100,A100,1,269,94,,,
google_348020181306,409,instance_348020181306_5,1,10,100,2,0,MISC,3,639,25,,,
google_498620479395,369,instance_498620479395_208,1,11,200,2,0,MISC,3,854,71,,,
google_382097962345,134,instance_382097962345_308,1,14,100,1,0,MISC,3,723,23,,,
google_755686677250,232,instance_755686677250_11646,1,8,100,1,0,MISC,1,47,90,,,
google_784956094732,117,instance_784956094732_1850,1,6,200,1,0,MISC,2,274,13,,,
google_147265513889,395,instance_147265513889_226,1,7,100,1,0,MISC,1,201,22,,,
google_373174661826,103,instance_373174661826_2508,1,6,100,1,0,MISC,1,148,49,,,
google_36195151947,106,instance_36195151947_3693,1,7,100,1,0,MISC,0,117,27,,,
google_357875357734,286,instance_357875357734_11695,1,9,100,1,0,MISC,3,374,39,,,
google_333391641652,34,instance_333391641652_4892,1,8,100,1,0,MISC,0,160,30,,,
google_235153428057,297,instance_235153428057_300,1,10,200,3,0,MISC,1,238,58,,,
google_496671698438,286,instance_496671698438_6098,1,7,100,1,100,P100,2,388,71,,,
google_128073966478,17,instance_128073966478_5255,1,12,100,1,0,MISC,0,273,92,,,
google_756176103831,241,instance_756176103831_1733,1,7,100,1,0,MISC,1,344,85,,,
google_737327470532,43,instance_737327470532_17061,1,12,100,2,0,MISC,1,41,35,,,
google_755686677250,232,instance_755686677250_3458,1,8,100,1,0,MISC,3,433,63,,,
google_498620479395,369,instance_498620479395_17,1,6,200,2,0,MISC,1,310,85,,,
google_503670658382,427,instance_503670658382_1369,1,9,200,5,0,MISC,2,377,55,,,
google_236368116431,361,instance_236368116431_37835,1,6,100,1,0,MISC,2,711,96,,,
google_128073966478,17,instance_128073966478_280,1,15,100,1,200,V100,1,352,54,,,
google_260725669813,3,instance_260725669813_176,1,8,100,1,150,T4,1,182,17,,,
google_260725669813,3,instance_260725669813_158,1,9,100,1,0,MISC,2,135,15,,,
google_128073966478,17,instance_128073966478_1848,1,6,100,1,0,MISC,2,50,33,,,
google_374675839188,20,instance_374675839188_2878,1,8,100,2,0,MISC,1,261,39,,,
google_796037227562,134,instance_796037227562_11684,1,8,100,1,0,MISC,0,115,28,,,
google_315267875638,4,instance_315267875638_53347,1,10,200,1,0,MISC,2,123,89,,,
google_122697038507,312,instance_122697038507_1191,1,13,200,1,150,T4,2,51,40,,,
google_294470514509,215,instance_294470514509_266,1,13,600,2,150,A100,3,584,14,,,
google_784488673642,215,instance_784488673642_2424,1,6,100,2,0,MISC,2,113,82,,,
google_36376033673,25,instance_36376033673_724,1,14,200,1,0,MISC,3,507,9,,,
google_330587303641,390,instance_330587303641_1470,1,8,200,1,0,MISC,2,340,10,,,
google_374585621683,42,instance_374585621683_574,1,10,100,1,100,V100,3,206,16,,,
google_348547149798,206,instance_348547149798_689,1,9,200,1,150,V100,1,64,9,,,
google_4741149103,361,instance_4741149103_2292,1,10,100,1,0,MISC,1,117,17,,,
google_288790938756,286,instance_288790938756_2775,1,17,200,1,50,P100,4,698,44,,,
google_277469535958,91,instance_277469535958_408,1,6,100,1,0,MISC,1,349,9,,,
google_219682718803,21,instance_219682718803_265,1,11,300,1,0,MISC,2,357,28,,,
google_236368116431,338,instance_236368116431_118940,1,6,100,1,50,A100,1,289,90,,,
google_344407582599,381,instance_344407582599_2465,1,6,100,1,0,MISC,1,27,51,,,
google_348547149798,206,instance_348547149798_824,1,9,200,1,0,MISC,2,203,21,,,
google_495154485825,304,instance_495154485825_1509,1,8,200,2,0,MISC,3,315,60,,,
google_784488673642,215,instance_784488673642_12808,1,10,100,2,0,MISC,1,102,63,,,
google_346556401280,113,instance_346556401280_2249,1,8,400,2,250,V100,0,37,78,,,
google_455230211482,11,instance_455230211482_2423,1,8,100,1,0,MISC,2,219,82,,,
google_198451272245,49,instance_198451272245_488,1,8,100,2,0,MISC,2,258,8,,,
google_755686677250,232,instance_755686677250_11575,1,6,100,1,0,MISC,2,145,89,,,
google_22724345459,253,instance_22724345459_27,1,11,100,1,50,A100,3,219,32,,,
google_314894065339,244,instance_314894065339_7166,1,9,200,1,0,MISC,2,135,51,,,
google_39516992187,12,instance_39516992187_3924,1,6,100,1,0,MISC,4,590,67,,,
google_287956086513,338,instance_287956086513_18816,1,10,100,1,0,MISC,2,240,69,,,
google_359738464136,343,instance_359738464136_7570,1,9,100,1,0,MISC,2,386,17,,,
google_815322757780,366,instance_815322757780_2444,1,9,100,1,0,MISC,1,305,37,,,
google_288497448483,94,instance_288497448483_1031,1,16,300,1,0,MISC,1,111,8,,,
google_796037227562,134,instance_796037227562_20764,1,12,100,1,0,MISC,2,23,78,,,
google_122697038507,312,instance_122697038507_1191,1,10,200,1,0,MISC,2,187,36,,,
google_330587186206,150,instance_330587186206_343,1,13,100,2,0,MISC,2,1463,39,,,
google_2685102026,36,instance_2685102026_747,1,10,100,1,0,MISC,1,199,17,,,
google_314099442762,202,instance_314099442762_167,1,8,400,3,0,MISC,0,182,26,,,
google_754872005672,284,instance_754872005672_204,1,19,100,1,0,MISC,2,225,17,,,
google_276430264854,13,instance_276430264854_907,1,7,100,1,200,P100,0,144,20,,,
google_221495446263,146,instance_221495446263_80,1,10,100,1,50,V100,0,162,8,,,
google_43924577192,397,instance_43924577192_4579,1,8,100,1,0,MISC,2,280,24,,,
google_382938982043,164,instance_382938982043_906,1,13,100,1,0,MISC,2,55,76,,,
google_491881217730,205,instance_491881217730_742,1,6,100,1,50,P100,1,457,39,,,
google_39516992187,12,instance_39516992187_9890,1,9,100,1,0,MISC,3,167,60,,,
google_117798565803,11,instance_117798565803_243,1,12,100,1,100,A100,1,436,20,,,
google_294544747384,291,instance_294544747384_3040,1,10,100,1,0,MISC,0,141,71,,,
google_281804868967,103,instance_281804868967_88,1,8,100,1,0,MISC,1,171,31,,,
google_494567459440,258,instance_494567459440_2563,1,11,100,2,0,MISC,3,213,30,,,
google_346556401280,113,instance_346556401280_11225,1,11,400,2,0,MISC,2,160,46,,,
google_503670658382,427,instance_503670658382_1665,1,6,200,5,0,MISC,2,469,90,,,
google_757928891474,276,instance_757928891474_4076,1,12,100,1,0,MISC,1,94,48,,,
google_93247928673,159,instance_93247928673_17945,1,10,200,1,50,T4,3,190,9,,,
google_189594903938,282,instance_189594903938_1458,1,13,300,4,0,MISC,0,81,8,,,
google_757792637514,274,instance_757792637514_3974,1,10,100,1,0,MISC,0,68,38,,,
google_458141831274,54,instance_458141831274_7526,1,8,100,1,0,MISC,0,43,27,,,
google_261561495314,90,instance_261561495314_473,1,17,200,1,0,MISC,2,420,19,,,
google_34288966797,76,instance_34288966797_69,1,9,100,2,0,MISC,3,517,9,,,
google_315267869575,11,instance_315267869575_736,1,10,100,1,0,MISC,0,106,48,,,
google_494567459440,258,instance_494567459440_907,1,12,100,2,0,MISC,1,177,92,,,
google_67769965280,71,instance_67769965280_1320,1,8,100,4,50,P100,1,97,22,,,
google_294470514509,215,instance_294470514509_255,1,11,600,2,0,MISC,2,229,14,,,
google_228864253096,260,instance_228864253096_342,1,9,900,5,0,MISC,1,206,23,,,
google_25911621841,251,instance_25911621841_4695,1,12,100,1,0,MISC,0,61,34,,,
google_261465308671,34,instance_261465308671_322,1,6,100,1,0,MISC,0,186,18,,,
google_301086602777,110,instance_301086602777_301,1,9,100,1,0,MISC,0,86,12,,,
google_36376033673,25,instance_36376033673_1257,1,17,200,1,50,V100,2,139,21,,,
google_755686677250,232,instance_755686677250_1754,1,9,100,1,0,MISC,0,61,54,,,
google_35039733202,167,instance_35039733202_4372,1,9,300,2,0,MISC,3,407,16,,,
google_313663173051,186,instance_313663173051_2153,1,15,200,1,100,V100,1,96,20,,,
google_346556401280,113,instance_346556401280_4681,1,13,400,2,0,MISC,4,500,80,,,
google_3006288552,173,instance_3006288552_5114,1,9,100,1,0,MISC,2,316,40,,,
google_322066611026,236,instance_322066611026_597,1,8,300,1,0,MISC,2,340,24,,,
google_368969043652,378,instance_368969043652_4686,1,14,100,1,0,MISC,0,115,45,,,
google_299950288763,5,instance_299950288763_5999,1,8,100,1,0,MISC,1,44,13,,,
google_212549661125,42,instance_212549661125_13524,1,9,100,1,0,MISC,1,44,65,,,
google_260289665763,215,instance_260289665763_738,1,7,100,1,0,MISC,1,253,18,,,
google_287116228277,263,instance_287116228277_436,1,10,300,1,0,MISC,3,505,38,,,
google_93247928673,196,instance_93247928673_385,1,6,300,2,150,T4,0,130,9,,,
google_39516992187,12,instance_39516992187_1495,1,10,100,1,0,MISC,2,367,88,,,
google_14423004927,318,instance_14423004927_1021,1,6,100,1,0,MISC,2,247,91,,,
google_288497448483,290,instance_288497448483_1030,1,10,500,3,0,MISC,1,112,8,,,
google_348020181306,409,instance_348020181306_5,1,7,100,2,0,MISC,2,340,33,,,
google_4741149103,361,instance_4741149103_9357,1,11,100,1,100,A100,0,103,17,,,
google_275444479605,27,instance_275444479605_2899,1,8,100,1,0,MISC,2,157,96,,,
google_498620479395,369,instance_498620479395_243,1,8,200,2,0,MISC,3,613,37,,,
google_284397977879,199,instance_284397977879_2264,1,8,100,1,0,MISC,1,53,76,,,
google_10507389885,172,instance_10507389885_663,1,10,600,6,0,MISC,5,355,7,,,
google_35039732574,36,instance_35039732574_722,1,11,100,1,0,MISC,0,35,44,,,
google_764752541670,302,instance_764752541670_269,1,6,100,1,0,MISC,2,899,35,,,
google_122697038507,312,instance_122697038507_4788,1,11,200,1,0,MISC,3,630,25,,,
google_260725669813,3,instance_260725669813_158,1,9,100,1,250,P100,2,85,10,,,
google_263408631423,136,instance_263408631423_824,1,8,100,1,150,P100,2,126,11,,,
google_157857385389,253,instance_157857385389_1950,1,16,300,14,0,MISC,2,268,57,,,
google_755686677250,232,instance_755686677250_3579,1,12,100,1,0,MISC,1,40,96,,,
google_3006288552,173,instance_3006288552_4897,1,6,100,1,0,MISC,0,66,71,,,
google_793077145663,152,instance_793077145663_14062,1,9,100,2,0,MISC,1,70,20,,,
google_311499919669,119,instance_311499919669_12345,1,8,100,1,0,MISC,2,75,87,,,
google_359852128644,14,instance_359852128644_1336,1,8,100,1,0,MISC,1,66,21,,,
google_25911627449,83,instance_25911627449_4057,1,9,100,1,0,MISC,1,174,40,,,
google_795359022771,118,instance_795359022771_2045,1,9,100,1,0,MISC,0,106,25,,,
google_221495412507,80,instance_221495412507_1659,1,6,200,1,50,V100,0,270,22,,,
google_710255342622,157,instance_710255342622_686,1,8,100,1,0,MISC,3,585,73,,,
google_495154485825,304,instance_495154485825_2177,1,6,200,2,0,MISC,2,152,81,,,
google_784488673642,215,instance_784488673642_11262,1,11,100,2,0,MISC,0,60,67,,,
google_220585854801,196,instance_220585854801_316,1,7,100,1,0,MISC,2,474,31,,,
google_784634965149,187,instance_784634965149_46,1,10,200,1,0,MISC,2,332,22,,,
google_710255342622,341,instance_710255342622_15236,1,7,100,1,100,A100,2,785,47,,,
google_781075799931,41,instance_781075799931_1181,1,7,200,1,0,MISC,0,124,11,,,
google_276591425608,17,instance_276591425608_698,1,6,100,1,0,MISC,0,117,15,,,
google_499904674658,393,instance_499904674658_4960,1,13,100,1,0,MISC,2,214,71,,,
google_16386895919,341,instance_16386895919_428,1,10,100,1,0,MISC,1,61,47,,,
google_308411613220,64,instance_308411613220_2425,1,12,100,1,0,MISC,1,214,59,,,
google_323371585507,349,instance_323371585507_1943,1,9,100,1,0,MISC,1,473,57,,,
google_708969524828,22,instance_708969524828_1754,1,11,200,1,100,T4,1,449,20,,,
google_330587204926,236,instance_330587204926_1892,1,9,200,1,0,MISC,1,233,12,,,
google_276430264854,180,instance_276430264854_435,1,8,100,1,0,MISC,1,46,12,,,
google_753764804451,54,instance_753764804451_64,1,13,100,1,0,MISC,1,79,96,,,
google_222220535593,157,instance_222220535593_269,1,12,100,1,0,MISC,0,61,66,,,
google_39516992187,12,instance_39516992187_8016,1,10,100,1,0,MISC,2,225,65,,,
google_330587243437,94,instance_330587243437_83,1,9,100,1,0,MISC,2,256,14,,,
google_324708383074,338,instance_324708383074_14167,1,13,100,1,0,MISC,4,568,40,,,
google_260725669813,3,instance_260725669813_118,1,10,100,1,100,T4,2,307,21,,,
google_452293309013,26,instance_452293309013_872,1,16,200,1,0,MISC,2,252,17,,,
google_25911621841,251,instance_25911621841_5439,1,7,100,1,0,MISC,2,918,77,,,
google_784634965149,168,instance_784634965149_2448,1,9,200,1,150,V100,0,153,7,,,
google_261131819079,124,instance_261131819079_74,1,6,100,1,0,MISC,0,16,24,,,
google_755686677250,232,instance_755686677250_3778,1,9,100,1,0,MISC,0,83,46,,,
google_122697038507,312,instance_122697038507_3385,1,7,200,1,0,MISC,0,40,15,,,
google_35325365885,254,instance_35325365885_278,1,8,100,1,0,MISC,4,306,20,,,
google_296657321680,327,instance_296657321680_14281,1,11,100,1,0,MISC,1,323,75,,,
google_494366415061,223,instance_494366415061_3477,1,7,100,1,200,T4,2,233,59,,,
google_796037227562,134,instance_796037227562_23703,1,6,100,1,0,MISC,2,183,64,,,
google_764746460206,332,instance_764746460206_21835,1,9,100,1,0,MISC,2,538,38,,,
google_157857385389,253,instance_157857385389_1384,1,13,300,14,0,MISC,2,598,85,,,
google_128073966478,17,instance_128073966478_3792,1,13,100,1,0,MISC,2,220,33,,,
google_212549593993,19,instance_212549593993_134,1,11,200,1,0,MISC,1,79,33,,,
google_116646838687,368,instance_116646838687_17,1,6,100,1,0,MISC,1,66,48,,,
google_25911627449,83,instance_25911627449_5362,1,9,100,1,0,MISC,5,764,29,,,
google_346556401280,113,instance_346556401280_6524,1,8,400,2,0,MISC,1,147,45,,,
google_285748470971,262,instance_285748470971_212,1,8,100,1,0,MISC,1,285,87,,,
google_755686677250,232,instance_755686677250_3017,1,10,100,1,0,MISC,0,249,33,,,
google_460016548579,70,instance_460016548579_1113,1,14,200,1,0,MISC,1,167,87,,,
google_754872005672,282,instance_754872005672_294,1,10,100,1,0,MISC,1,231,20,,,
google_495154485825,304,instance_495154485825_2075,1,11,200,2,200,A100,2,217,33,,,
google_781395587588,108,instance_781395587588_1812,1,6,200,1,0,MISC,0,156,24,,,
google_156608148558,165,instance_156608148558_811,1,9,100,1,0,MISC,2,412,23,,,
google_384929736739,239,instance_384929736739_57,1,9,100,1,0,MISC,1,195,71,,,
google_495094157644,360,instance_495094157644_869,1,6,200,1,0,MISC,2,308,6,,,
google_62438645867,52,instance_62438645867_554,1,6,100,1,0,MISC,1,365,7,,,
google_260725669813,89,instance_260725669813_998,1,6,100,1,0,MISC,2,208,19,,,
google_735991340813,109,instance_735991340813_1536,1,11,200,1,0,MISC,2,410,21,,,
google_764752541670,302,instance_764752541670_371,1,8,100,1,0,MISC,0,71,61,,,
google_275444479605,27,instance_275444479605_3473,1,8,100,1,0,MISC,0,71,69,,,
google_300373251821,45,instance_300373251821_266,1,7,100,2,250,A100,1,168,16,,,
google_744328505977,81,instance_744328505977_1140,1,7,100,25,0,MISC,3,183,37,,,
google_795359022771,118,instance_795359022771_21,1,14,100,1,200,P100,2,464,79,,,
google_13439396863,315,instance_13439396863_1938,1,11,800,2,0,MISC,1,71,19,,,
google_359738464136,343,instance_359738464136_10941,1,8,100,1,0,MISC,0,190,47,,,
google_497097336736,292,instance_497097336736_4319,1,7,100,1,0,MISC,1,134,70,,,
google_93350874933,34,instance_93350874933_2588,1,11,100,1,0,MISC,3,208,8,,,
google_348020181306,409,instance_348020181306_5,1,11,100,2,0,MISC,6,572,31,,,
google_157857385389,253,instance_157857385389_899,1,14,300,14,0,MISC,1,304,57,,,
google_39516992187,12,instance_39516992187_8437,1,10,100,1,0,MISC,2,321,78,,,
google_221495463014,23,instance_221495463014_497,1,10,200,1,0,MISC,1,144,9,,,
google_261465308671,34,instance_261465308671_2009,1,9,100,1,200,T4,1,156,22,,,
google_221495502085,83,instance_221495502085_1015,1,15,100,1,0,MISC,4,625,12,,,
google_755686677250,232,instance_755686677250_1367,1,9,100,1,0,MISC,1,248,76,,,
google_346787353352,159,instance_346787353352_14515,1,9,100,1,0,MISC,1,23,61,,,
google_16604544919,426,instance_16604544919_172,1,6,100,1,0,MISC,1,49,74,,,
google_736898076766,123,instance_736898076766_2373,1,19,200,1,0,MISC,1,72,17,,,
google_145249314104,214,instance_145249314104_2776,1,6,200,3,0,MISC,0,45,11,,,
google_128073966478,17,instance_128073966478_2853,1,7,100,1,0,MISC,1,137,56,,,
google_221495412507,80,instance_221495412507_123,1,8,200,1,0,MISC,3,394,18,,,
google_398012347881,364,instance_398012347881_885,1,12,100,1,0,MISC,0,54,77,,,
google_234109952177,294,instance_234109952177_2730,1,15,200,1,0,MISC,2,1051,94,,,
google_710255342622,341,instance_710255342622_9185,1,11,100,1,0,MISC,2,662,33,,,
google_294544747384,291,instance_294544747384_2337,1,10,100,1,0,MISC,3,290,94,,,
google_368871243276,406,instance_368871243276_15680,1,12,100,1,0,MISC,0,33,82,,,
google_383117225578,170,instance_383117225578_1508,1,10,100,1,0,MISC,3,260,77,,,
google_460016548579,70,instance_460016548579_1016,1,13,200,1,0,MISC,2,130,40,,,
google_798623402880,188,instance_798623402880_2154,1,14,200,1,0,MISC,0,304,14,,,
google_359738451006,311,instance_359738451006_30242,1,11,100,1,0,MISC,0,183,38,,,
google_799739046666,303,instance_799739046666_2425,1,14,100,1,0,MISC,1,23,13,,,
google_757993223888,277,instance_757993223888_2863,1,12,100,1,0,MISC,2,80,34,,,
google_499904674658,393,instance_499904674658_7834,1,6,100,1,0,MISC,0,297,37,,,
google_503731091387,426,instance_503731091387_4131,1,11,100,1,0,MISC,2,97,66,,,
google_157857385389,253,instance_157857385389_1816,1,6,300,14,0,MISC,1,158,31,,,
google_326995754843,404,instance_326995754843_16871,1,11,100,1,0,MISC,2,42,26,,,
google_784956094732,117,instance_784956094732_1816,1,7,200,1,0,MISC,0,86,24,,,
google_321922619420,232,instance_321922619420_221,1,12,200,3,0,MISC,1,78,91,,,
google_238749114434,347,instance_238749114434_184,1,18,400,6,250,P100,4,180,25,,,
google_156608142553,233,instance_156608142553_751,1,7,100,1,50,V100,1,152,16,,,
google_736461580081,8,instance_736461580081_1404,1,14,100,25,0,MISC,2,99,90,,,
google_737254182852,195,instance_737254182852_1931,1,6,200,1,0,MISC,0,65,7,,,
google_796037227562,134,instance_796037227562_7367,1,10,100,1,0,MISC,1,92,81,,,
google_260725669813,3,instance_260725669813_1545,1,14,100,1,0,MISC,1,67,19,,,
google_234109952177,294,instance_234109952177_3107,1,10,200,1,0,MISC,1,221,91,,,
google_122697038507,248,instance_122697038507_3719,1,12,200,1,0,MISC,2,254,18,,,
google_236368120432,353,instance_236368120432_4548,1,14,200,1,0,MISC,1,247,81,,,
google_28522057444,44,instance_28522057444_633,1,7,100,1,0,MISC,1,97,20,,,
google_757928891474,276,instance_757928891474_3613,1,13,100,1,100,V100,0,127,59,,,
google_385353451802,369,instance_385353451802_1479,1,8,100,1,0,MISC,0,53,88,,,
google_739764447576,36,instance_739764447576_649,1,15,100,20,0,MISC,3,988,85,,,
google_236368116431,361,instance_236368116431_8609,1,11,100,1,0,MISC,1,190,90,,,
google_25911621841,251,instance_25911621841_3879,1,12,100,1,250,A100,1,272,53,,,
google_14423004927,318,instance_14423004927_2232,1,6,100,1,100,A100,2,155,26,,,
google_128073966478,17,instance_128073966478_2432,1,6,100,1,0,MISC,2,260,74,,,
google_376863375062,82,instance_376863375062_14,1,10,100,1,0,MISC,0,90,30,,,
google_795842128488,109,instance_795842128488_192,1,12,100,1,0,MISC,2,443,49,,,
google_122697038507,312,instance_122697038507_5271,1,12,200,1,0,MISC,1,162,22,,,
google_157857385389,253,instance_157857385389_2312,1,12,300,14,0,MISC,3,722,84,,,
google_795359022771,118,instance_795359022771_352,1,10,100,1,0,MISC,1,80,95,,,
google_236368116431,338,instance_236368116431_104871,1,13,100,1,0,MISC,1,49,24,,,
google_294544747384,291,instance_294544747384_2750,1,14,100,1,0,MISC,1,64,45,,,
google_314625478807,233,instance_314625478807_1001,1,16,600,4,0,MISC,0,154,26,,,
google_500165328876,389,instance_500165328876_50,1,8,200,2,0,MISC,0,133,81,,,
google_784956094732,117,instance_784956094732_1131,1,12,100,1,200,P100,2,267,11,,,
google_85477788719,63,instance_85477788719_434,1,10,100,1,0,MISC,2,122,19,,,
google_157857385389,253,instance_157857385389_1485,1,13,300,14,0,MISC,0,238,60,,,
google_796037227562,134,instance_796037227562_9753,1,13,100,1,0,MISC,1,207,66,,,
google_368969043652,378,instance_368969043652_2610,1,7,100,1,0,MISC,3,186,50,,,
google_798623402880,188,instance_798623402880_1629,1,6,100,1,0,MISC,0,126,6,,,
google_157857385389,253,instance_157857385389_1730,1,8,300,14,0,MISC,3,120,83,,,
google_374675899460,48,instance_374675899460_3664,1,12,100,1,0,MISC,1,77,80,,,
google_359466025999,277,instance_359466025999_235,1,10,100,1,0,MISC,0,91,90,,,
google_770384785167,19,instance_770384785167_540,1,11,200,1,0,MISC,1,175,23,,,
google_330587186206,150,instance_330587186206_687,1,6,100,2,250,P100,2,115,57,,,
google_786792589327,218,instance_786792589327_1518,1,8,100,1,200,T4,1,140,7,,,
google_330587204926,236,instance_330587204926_75,1,10,200,1,0,MISC,1,77,9,,,
google_796037227562,134,instance_796037227562_3214,1,9,100,1,0,MISC,2,324,84,,,
google_5832223987,363,instance_5832223987_350,1,11,300,4,0,MISC,4,264,14,,,
google_313624472176,186,instance_313624472176_3799,1,8,200,1,0,MISC,0,980,95,,,
google_781075799931,41,instance_781075799931_1138,1,13,200,1,0,MISC,2,1493,15,,,
google_207788709472,68,instance_207788709472_2288,1,12,600,3,0,MISC,2,257,14,,,
google_757792637514,274,instance_757792637514_4328,1,7,100,1,0,MISC,4,428,28,,,
google_128381343012,371,instance_128381343012_486,1,13,200,1,50,P100,3,406,41,,,
google_128073966478,17,instance_128073966478_3792,1,12,100,1,0,MISC,0,295,86,,,
google_212549673090,13,instance_212549673090_211,1,7,100,1,100,T4,0,219,79,,,
google_39516992187,12,instance_39516992187_6104,1,8,100,1,250,T4,1,185,88,,,
google_757993223888,277,instance_757993223888_1438,1,11,100,1,0,MISC,1,29,92,,,
google_346556401280,113,instance_346556401280_8486,1,8,400,2,0,MISC,1,115,44,,,
google_755686677250,232,instance_755686677250_8135,1,6,100,1,0,MISC,1,117,55,,,
google_346556401280,113,instance_346556401280_12325,1,13,400,2,0,MISC,2,173,94,,,
google_17301264326,214,instance_17301264326_262,1,11,200,1,0,MISC,1,34,21,,,
google_261379492804,385,instance_261379492804_2256,1,9,100,1,200,T4,1,114,23,,,
google_326995662958,399,instance_326995662958_46126,1,12,100,1,0,MISC,1,66,47,,,
google_348547152567,172,instance_348547152567_751,1,6,200,1,0,MISC,0,183,20,,,
google_275444479605,27,instance_275444479605_3705,1,9,100,1,0,MISC,1,90,51,,,
google_737254182852,195,instance_737254182852_26,1,12,200,1,0,MISC,2,348,10,,,
google_276430264854,13,instance_276430264854_412,1,12,100,1,100,V100,0,166,16,,,
google_221495502085,83,instance_221495502085_891,1,11,200,1,0,MISC,1,229,16,,,
google_276591425608,17,instance_276591425608_667,1,10,200,1,200,T4,3,182,6,,,
google_287660738206,277,instance_287660738206_19,1,10,100,2,0,MISC,1,183,87,,,
google_276430264854,13,instance_276430264854_742,1,6,100,1,0,MISC,3,185,17,,,
google_11646882701,115,instance_11646882701_21,1,14,1000,2,150,P100,2,136,14,,,
google_755686677250,232,instance_755686677250_9337,1,10,100,1,0,MISC,1,300,26,,,
google_294544747384,291,instance_294544747384_1783,1,14,100,1,0,MISC,6,3031,37,,,
google_122697038507,248,instance_122697038507_6616,1,6,200,1,0,MISC,2,328,29,,,
google_157792892935,383,instance_157792892935_2187,1,8,100,4,0,MISC,0,132,57,,,
google_755686677250,232,instance_755686677250_4663,1,15,100,1,0,MISC,3,480,41,,,
google_497770033756,316,instance_497770033756_2073,1,13,300,5,0,MISC,1,138,52,,,
google_384929736739,239,instance_384929736739_1459,1,9,100,1,0,MISC,2,397,75,,,
google_457356859499,36,instance_457356859499_4946,1,6,100,1,0,MISC,2,254,83,,,
google_156608138934,3,instance_156608138934_1069,1,12,700,10,0,MISC,0,62,38,,,
google_128073966478,17,instance_128073966478_280,1,11,100,1,0,MISC,1,85,86,,,
google_784488673642,215,instance_784488673642_8802,1,10,100,2,100,A100,1,153,26,,,
google_28522057444,44,instance_28522057444_851,1,13,100,1,0,MISC,5,781,16,,,
google_770770141181,22,instance_770770141181_34,1,8,300,1,0,MISC,1,340,21,,,
google_277469535958,91,instance_277469535958_466,1,11,100,1,0,MISC,2,607,17,,,
google_279240578155,94,instance_279240578155_224,1,15,400,1,150,T4,2,345,36,,,
google_20754560042,257,instance_20754560042_559,1,10,100,1,0,MISC,3,831,19,,,
google_277742499833,368,instance_277742499833_1904,1,7,100,7,0,MISC,1,100,28,,,
google_740948137433,123,instance_740948137433_19,1,14,1900,17,0,MISC,0,448,27,,,
google_737327470532,68,instance_737327470532_18322,1,6,100,2,100,P100,3,314,77,,,
google_4982357443,44,instance_4982357443_717,1,11,300,1,100,A100,2,694,20,,,
google_758123505607,280,instance_758123505607_1863,1,7,100,1,0,MISC,2,176,67,,,
google_755686677250,232,instance_755686677250_7125,1,11,100,1,0,MISC,2,158,76,,,
google_755686677250,232,instance_755686677250_4229,1,8,100,1,0,MISC,0,453,92,,,
google_346556401280,113,instance_346556401280_13407,1,15,400,2,0,MISC,2,507,69,,,
google_710255342622,341,instance_710255342622_2536,1,14,100,1,200,P100,0,218,33,,,
google_14423004927,318,instance_14423004927_2436,1,6,100,1,0,MISC,2,235,77,,,
google_798583577301,188,instance_798583577301_4161,1,8,100,1,0,MISC,4,663,35,,,
google_4741149133,40,instance_4741149133_5176,1,9,100,1,0,MISC,0,238,20,,,
google_368969043652,378,instance_368969043652_1670,1,13,100,1,0,MISC,2,321,45,,,
google_294544747384,102,instance_294544747384_9109,1,12,100,1,0,MISC,0,173,36,,,
google_39516992187,12,instance_39516992187_6272,1,6,100,1,0,MISC,3,644,28,,,
google_495154485825,304,instance_495154485825_6563,1,8,200,2,0,MISC,0,58,87,,,
google_299950282965,12,instance_299950282965_954,1,11,100,1,0,MISC,2,82,93,,,
google_212549596499,67,instance_212549596499_4792,1,13,200,1,0,MISC,1,46,51,,,
google_39516992187,12,instance_39516992187_4733,1,6,100,1,0,MISC,0,127,93,,,
google_348020181306,409,instance_348020181306_5,1,9,100,2,0,MISC,2,430,46,,,
google_348020181306,409,instance_348020181306_5,1,16,100,2,0,MISC,0,154,22,,,
google_236368116431,361,instance_236368116431_21772,1,10,100,1,0,MISC,2,452,43,,,
google_326995662958,399,instance_326995662958_96115,1,14,100,1,0,MISC,1,349,45,,,
google_25911621841,251,instance_25911621841_1750,1,7,100,1,0,MISC,1,101,73,,,
google_755686677250,232,instance_755686677250_2721,1,8,100,1,0,MISC,0,145,73,,,
google_783306677680,89,instance_783306677680_936,1,14,200,1,0,MISC,3,177,13,,,
google_156922393102,161,instance_156922393102_852,1,19,1400,10,0,MISC,1,168,17,,,
google_399280620994,391,instance_399280620994_1349,1,9,100,1,0,MISC,1,164,64,,,
google_313663173051,186,instance_313663173051_730,1,6,200,1,0,MISC,2,444,22,,,
google_348547152567,172,instance_348547152567_1188,1,8,200,1,0,MISC,2,1158,6,,,
google_122697038507,248,instance_122697038507_1845,1,6,200,1,0,MISC,1,82,44,,,
google_260697606809,330,instance_260697606809_1531,1,10,100,1,0,MISC,2,229,14,,,
google_4741149133,128,instance_4741149133_5737,1,12,100,1,0,MISC,0,48,27,,,
google_198451272245,49,instance_198451272245_164,1,7,100,2,0,MISC,1,57,7,,,
google_784488673642,215,instance_784488673642_10260,1,12,100,2,0,MISC,3,374,55,,,
google_368969043652,378,instance_368969043652_3614,1,13,100,1,0,MISC,3,575,75,,,
google_299950288763,5,instance_299950288763_10155,1,11,100,1,0,MISC,4,266,41,,,
google_221495509609,303,instance_221495509609_1072,1,14,200,1,250,T4,1,89,12,,,
google_498451349323,357,instance_498451349323_27,1,14,100,1,0,MISC,1,155,66,,,
google_326995662958,399,instance_326995662958_87411,1,9,100,1,0,MISC,2,288,75,,,
google_277469535958,91,instance_277469535958_247,1,8,100,1,0,MISC,2,131,19,,,
google_276563761950,123,instance_276563761950_1741,1,12,200,1,50,P100,4,1241,13,,,
google_128073966478,17,instance_128073966478_3792,1,6,100,1,0,MISC,1,92,47,,,
google_308411613220,64,instance_308411613220_8294,1,10,100,1,0,MISC,0,138,42,,,
google_156608142553,233,instance_156608142553_290,1,14,100,1,0,MISC,2,104,34,,,
google_315267872881,12,instance_315267872881_13261,1,11,100,1,0,MISC,3,337,95,,,
google_281296015739,112,instance_281296015739_1353,1,16,200,1,150,T4,1,153,20,,,
google_198451272245,49,instance_198451272245_266,1,16,100,2,0,MISC,0,118,24,,,
google_793077145663,152,instance_793077145663_1053,1,11,100,2,0,MISC,2,353,34,,,
google_260697606809,330,instance_260697606809_963,1,11,100,1,0,MISC,2,291,13,,,
google_382938982043,164,instance_382938982043_1831,1,13,100,1,0,MISC,1,43,91,,,
google_212047477406,169,instance_212047477406_868,1,12,100,1,0,MISC,0,172,33,,,
google_4741149103,97,instance_4741149103_6559,1,6,100,1,0,MISC,2,241,20,,,
google_116646838687,57,instance_116646838687_17,1,9,100,1,0,MISC,1,169,42,,,
google_276227177776,12,instance_276227177776_369,1,13,400,1,0,MISC,3,548,52,,,
google_755686677250,232,instance_755686677250_992,1,8,100,1,0,MISC,2,701,89,,,
google_755686677250,232,instance_755686677250_6703,1,6,100,1,0,MISC,2,129,65,,,
google_18298679782,43,instance_18298679782_446,1,8,300,2,0,MISC,1,63,14,,,
google_25911621841,251,instance_25911621841_4695,1,12,100,1,0,MISC,2,240,87,,,
google_796037227562,134,instance_796037227562_19224,1,8,100,1,0,MISC,3,441,58,,,
google_773871037092,71,instance_773871037092_32010,1,11,100,1,0,MISC,2,1060,66,,,
google_156608146156,46,instance_156608146156_379,1,9,100,1,50,V100,0,83,25,,,
google_14423004927,318,instance_14423004927_1281,1,11,100,1,0,MISC,1,59,73,,,
google_747935624323,114,instance_747935624323_1544,1,8,100,1,0,MISC,1,202,52,,,
google_796037227562,134,instance_796037227562_26335,1,9,100,1,0,MISC,4,223,37,,,
google_497733596373,319,instance_497733596373_1006,1,12,200,4,0,MISC,1,81,50,,,
google_261379492804,385,instance_261379492804_2,1,12,100,1,0,MISC,1,65,23,,,
google_261561497815,1,instance_261561497815_166,1,8,200,1,0,MISC,2,231,11,,,
google_358931119334,241,instance_358931119334_1096,1,9,100,1,0,MISC,2,92,26,,,
google_34100,379,instance_34100_388,1,12,600,4,0,MISC,1,222,18,,,
google_128073966478,17,instance_128073966478_5255,1,10,100,1,0,MISC,1,130,84,,,
google_294544747384,291,instance_294544747384_7074,1,9,100,1,150,P100,2,130,31,,,
google_260725669813,3,instance_260725669813_118,1,12,100,1,250,V100,0,138,22,,,
google_234373483119,225,instance_234373483119_308,1,17,400,1,0,MISC,2,110,57,,,
google_399280620994,391,instance_399280620994_1486,1,6,100,1,0,MISC,2,115,46,,,
google_757993223888,277,instance_757993223888_1695,1,8,100,1,0,MISC,1,284,32,,,
google_315268937205,24,instance_315268937205_81,1,13,100,1,0,MISC,5,602,33,,,
google_282155526518,144,instance_282155526518_14088,1,7,100,1,0,MISC,3,326,54,,,
google_755686677250,232,instance_755686677250_9423,1,6,100,1,0,MISC,1,187,69,,,
google_323370571980,351,instance_323370571980_7373,1,10,200,1,0,MISC,2,82,45,,,
google_757993223888,277,instance_757993223888_1438,1,12,100,1,0,MISC,2,122,45,,,
google_297489629603,373,instance_297489629603_29795,1,11,100,1,0,MISC,2,68,50,,,
google_300836006795,26,instance_300836006795_629,1,6,200,1,0,MISC,2,104,14,,,
google_376863375062,82,instance_376863375062_148,1,9,100,1,0,MISC,1,130,22,,,
google_294470514509,215,instance_294470514509_350,1,13,600,2,0,MISC,1,63,14,,,
google_796037227562,134,instance_796037227562_17669,1,6,100,1,0,MISC,1,62,92,,,
google_800553398752,285,instance_800553398752_911,1,9,200,1,0,MISC,0,60,12,,,
google_91792851899,247,instance_91792851899_923,1,8,300,2,0,MISC,2,466,12,,,
google_501622100022,413,instance_501622100022_4342,1,7,100,1,0,MISC,2,353,31,,,
google_285748470971,271,instance_285748470971_712,1,9,100,1,0,MISC,2,902,52,,,
google_330587204926,236,instance_330587204926_2133,1,10,200,1,0,MISC,0,201,24,,,
google_236368116431,361,instance_236368116431_26149,1,11,100,1,0,MISC,1,98,28,,,
google_286009855219,77,instance_286009855219_1495,1,13,100,1,0,MISC,0,81,6,,,
google_736854675452,30,instance_736854675452_1007,1,10,200,1,0,MISC,2,112,14,,,
google_300836006795,26,instance_300836006795_1763,1,9,200,1,0,MISC,1,75,12,,,
google_737836023030,114,instance_737836023030_1299,1,11,100,1,0,MISC,1,351,95,,,
google_320177399264,139,instance_320177399264_1836,1,11,100,2,0,MISC,2,180,25,,,
google_346556401280,113,instance_346556401280_9507,1,10,400,2,0,MISC,3,453,52,,,
google_348792154279,92,instance_348792154279_3633,1,11,100,1,150,P100,1,126,56,,,
google_122697038507,312,instance_122697038507_1191,1,10,200,1,0,MISC,2,370,26,,,
google_379491243491,72,instance_379491243491_4356,1,14,100,1,0,MISC,0,111,59,,,
google_294470514509,215,instance_294470514509_197,1,10,600,2,0,MISC,0,693,21,,,
google_781075805028,16,instance_781075805028_895,1,9,200,1,150,A100,1,151,23,,,
google_796037227562,134,instance_796037227562_43470,1,7,100,1,0,MISC,3,252,54,,,
google_25911621841,251,instance_25911621841_4695,1,6,100,1,0,MISC,0,41,84,,,
google_382938982043,164,instance_382938982043_1068,1,15,100,1,50,T4,1,152,85,,,
google_710255342622,341,instance_710255342622_12351,1,8,100,1,0,MISC,0,196,49,,,
google_755686677250,232,instance_755686677250_8061,1,12,100,1,0,MISC,2,496,94,,,
google_461154315154,91,instance_461154315154_42,1,6,100,2,0,MISC,1,219,86,,,
google_384929736739,239,instance_384929736739_1177,1,6,100,1,0,MISC,0,205,41,,,
google_296657321680,322,instance_296657321680_27326,1,12,100,1,0,MISC,1,56,24,,,
google_98503487818,16,instance_98503487818_44,1,9,100,1,0,MISC,2,93,45,,,
google_459483624194,68,instance_459483624194_881,1,8,100,2,0,MISC,2,474,92,,,
google_4741149133,209,instance_4741149133_7220,1,6,100,1,0,MISC,1,140,18,,,
google_781395587588,27,instance_781395587588_2489,1,9,100,1,0,MISC,4,248,24,,,
google_260725669813,188,instance_260725669813_1010,1,11,100,1,0,MISC,0,132,9,,,
google_277469535958,91,instance_277469535958_329,1,9,100,1,250,A100,0,61,7,,,
google_726682965732,154,instance_726682965732_0,1,13,100,1,250,V100,3,690,14,,,
google_157857385389,253,instance_157857385389_678,1,9,300,14,200,T4,3,915,47,,,
google_499904674658,393,instance_499904674658_786,1,6,100,1,0,MISC,1,169,54,,,
google_39516992187,12,instance_39516992187_9727,1,10,100,1,100,A100,0,86,26,,,
google_39516992187,12,instance_39516992187_9585,1,8,100,1,0,MISC,0,122,51,,,
google_279240578155,94,instance_279240578155_212,1,10,400,1,0,MISC,3,1109,71,,,
google_14423004927,318,instance_14423004927_3421,1,10,100,1,0,MISC,1,63,67,,,
google_757628398786,381,instance_757628398786_11,1,9,200,1,0,MISC,2,938,13,,,
google_324695453205,390,instance_324695453205_292,1,9,600,2,0,MISC,1,164,17,,,
google_496921116211,329,instance_496921116211_32359,1,13,100,1,0,MISC,1,89,28,,,
google_98820945789,380,instance_98820945789_890,1,10,100,1,0,MISC,4,316,25,,,
google_128073972032,412,instance_128073972032_246,1,7,100,1,100,P100,1,292,89,,,
google_310582627588,126,instance_310582627588_126,1,8,600,2,0,MISC,2,312,8,,,
google_138868371007,241,instance_138868371007_288,1,8,800,2,0,MISC,0,259,6,,,
google_234915116734,247,instance_234915116734_258,1,12,500,1,0,MISC,1,122,82,,,
google_784634965149,187,instance_784634965149_802,1,6,200,1,0,MISC,2,182,20,,,
google_453266172150,10,instance_453266172150_1688,1,11,200,1,0,MISC,2,434,93,,,
google_473376233137,128,instance_473376233137_4703,1,10,200,1,150,V100,0,204,75,,,
google_314894065526,218,instance_314894065526_9238,1,10,100,1,0,MISC,1,74,28,,,
google_349011005158,183,instance_349011005158_902,1,9,100,1,0,MISC,2,334,82,,,
google_455230211482,11,instance_455230211482_2867,1,6,100,1,0,MISC,5,582,48,,,
google_755686677250,232,instance_755686677250_7638,1,6,100,1,0,MISC,0,294,30,,,
google_710255342622,157,instance_710255342622_8772,1,8,100,1,250,T4,2,316,46,,,
google_279240578155,94,instance_279240578155_557,1,9,400,1,0,MISC,0,54,44,,,
google_21861562614,345,instance_21861562614_636,1,6,100,5,0,MISC,2,385,9,,,
google_236368116431,361,instance_236368116431_53444,1,9,100,1,0,MISC,1,140,77,,,
google_346787353352,159,instance_346787353352_13181,1,8,100,1,0,MISC,2,111,83,,,
google_460949261560,128,instance_460949261560_2479,1,15,100,1,0,MISC,1,292,94,,,
google_328029965942,418,instance_328029965942_11173,1,8,100,1,0,MISC,4,382,95,,,
google_494567459440,258,instance_494567459440_1359,1,14,100,2,50,T4,2,160,87,,,
google_748933721607,379,instance_748933721607_798,1,18,200,2,0,MISC,0,77,20,,,
google_116646838687,368,instance_116646838687_17,1,12,100,1,0,MISC,0,299,23,,,
google_376863375062,82,instance_376863375062_36,1,7,100,1,150,P100,0,65,41,,,
google_228864253096,260,instance_228864253096_50,1,12,900,5,0,MISC,1,210,14,,,
google_39516992187,12,instance_39516992187_3278,1,6,100,1,0,MISC,3,688,36,,,
google_198451272245,49,instance_198451272245_793,1,7,100,2,0,MISC,1,286,16,,,
google_236368116431,361,instance_236368116431_89591,1,10,100,1,0,MISC,0,45,76,,,
google_25911621841,184,instance_25911621841_2498,1,6,100,1,0,MISC,2,158,44,,,
google_294544747384,291,instance_294544747384_8847,1,6,100,1,0,MISC,1,235,49,,,
google_764746460206,332,instance_764746460206_35661,1,14,100,1,0,MISC,1,19,75,,,
google_236368073537,347,instance_236368073537_356,1,11,200,1,0,MISC,4,203,68,,,
google_288497448483,414,instance_288497448483_9064,1,9,100,1,0,MISC,2,287,22,,,
google_357676539755,293,instance_357676539755_137,1,8,200,1,50,V100,2,97,12,,,
google_18257359877,90,instance_18257359877_459,1,6,100,1,0,MISC,2,157,11,,,
google_276430264854,180,instance_276430264854_907,1,9,100,1,250,T4,2,404,22,,,
google_755686677250,232,instance_755686677250_912,1,12,100,1,0,MISC,0,74,96,,,
google_496652934125,290,instance_496652934125_1463,1,10,100,2,0,MISC,0,19,41,,,
google_346556401280,113,instance_346556401280_13122,1,14,400,2,100,P100,2,403,59,,,
google_234110008128,250,instance_234110008128_10134,1,11,100,1,0,MISC,1,57,80,,,
google_796037227562,134,instance_796037227562_22661,1,13,100,1,0,MISC,1,77,39,,,
google_323370558754,351,instance_323370558754_4529,1,13,100,1,0,MISC,2,132,75,,,
google_146425920652,166,instance_146425920652_50,1,11,400,1,0,MISC,2,504,6,,,
google_315268936181,79,instance_315268936181_177,1,9,100,1,0,MISC,2,63,73,,,
google_128073966478,17,instance_128073966478_5255,1,14,100,1,0,MISC,1,200,38,,,
google_754918554276,218,instance_754918554276_2437,1,11,100,1,0,MISC,1,140,36,,,
google_278289881277,255,instance_278289881277_279,1,8,100,1,0,MISC,1,56,41,,,
google_774720011087,52,instance_774720011087_688,1,13,200,1,0,MISC,2,332,21,,,
google_35325365885,254,instance_35325365885_201,1,6,200,1,0,MISC,1,45,21,,,
google_198451272245,49,instance_198451272245_714,1,10,100,2,150,P100,2,80,21,,,
google_370794993351,428,instance_370794993351_46487,1,8,200,1,0,MISC,0,116,33,,,
google_54687713003,116,instance_54687713003_1978,1,9,100,1,0,MISC,2,320,20,,,
google_157857385389,253,instance_157857385389_2559,1,9,300,14,0,MISC,2,413,52,,,
google_260725669813,3,instance_260725669813_118,1,15,100,1,0,MISC,1,171,14,,,
google_383161776481,172,instance_383161776481_719,1,7,100,1,0,MISC,3,1256,43,,,
google_478343152042,175,instance_478343152042_16,1,11,200,1,0,MISC,0,48,6,,,
google_330587172974,321,instance_330587172974_971,1,10,200,4,0,MISC,2,251,45,,,
google_236368116431,361,instance_236368116431_73985,1,9,100,1,0,MISC,2,90,69,,,
google_726682965732,154,instance_726682965732_1,1,14,100,1,0,MISC,2,385,13,,,
google_260697606809,289,instance_260697606809_320,1,15,100,1,50,P100,1,86,7,,,
google_160232503528,63,instance_160232503528_1734,1,10,100,1,0,MISC,3,138,69,,,
google_755686677250,232,instance_755686677250_959,1,13,100,1,0,MISC,1,485,51,,,
google_261561515322,6,instance_261561515322_279,1,6,200,1,200,A100,0,122,7,,,
google_12982001222,283,instance_12982001222_22,1,13,100,1,0,MISC,5,95,15,,,
google_773871037092,71,instance_773871037092_13354,1,6,100,1,0,MISC,4,583,55,,,
google_777235277742,385,instance_777235277742_68,1,11,200,1,0,MISC,0,67,79,,,
google_755686677250,232,instance_755686677250_11813,1,16,100,1,0,MISC,5,1020,36,,,
google_323371584661,313,instance_323371584661_2508,1,14,100,1,0,MISC,3,769,92,,,
google_25911627449,83,instance_25911627449_4385,1,6,100,1,250,T4,1,91,44,,,
google_219041097654,10,instance_219041097654_258,1,16,400,1,0,MISC,1,49,44,,,
google_116646838687,368,instance_116646838687_17,1,7,100,1,0,MISC,1,82,35,,,
google_498620479395,369,instance_498620479395_282,1,8,200,2,0,MISC,0,1716,27,,,
google_497733596373,319,instance_497733596373_46,1,11,200,4,0,MISC,3,107,70,,,
google_499505955293,380,instance_499505955293_5332,1,17,100,1,0,MISC,2,129,68,,,
google_379491243491,72,instance_379491243491_1252,1,9,100,1,0,MISC,1,70,58,,,
google_348020181306,409,instance_348020181306_5,1,7,100,2,0,MISC,1,136,14,,,
google_456605702157,318,instance_456605702157_1066,1,6,400,3,0,MISC,3,150,8,,,
google_36376033673,25,instance_36376033673_3456,1,10,200,1,0,MISC,1,292,15,,,
google_742309193032,302,instance_742309193032_2807,1,8,100,1,0,MISC,1,108,71,,,
google_276842727140,100,instance_276842727140_502,1,8,200,1,0,MISC,0,120,23,,,
google_296802191112,417,instance_296802191112_303,1,15,100,1,0,MISC,1,114,21,,,
google_50554864255,182,instance_50554864255_113,1,9,100,1,200,A100,0,186,17,,,
google_368969043652,378,instance_368969043652_3731,1,11,100,1,150,T4,3,4158,93,,,
google_25911621841,251,instance_25911621841_3879,1,6,100,1,0,MISC,1,115,48,,,
google_478343152042,175,instance_478343152042_1113,1,11,200,1,0,MISC,1,138,12,,,
google_783306677680,89,instance_783306677680_1403,1,9,200,1,0,MISC,0,374,11,,,
google_499904674658,393,instance_499904674658_5009,1,10,100,1,150,P100,3,1734,47,,,
google_39516997747,261,instance_39516997747_2751,1,10,100,1,0,MISC,3,471,54,,,
google_288790938756,286,instance_288790938756_1523,1,10,200,1,200,P100,3,233,15,,,
google_277469535958,91,instance_277469535958_771,1,6,100,1,200,P100,1,75,9,,,
google_314894057720,298,instance_314894057720_2447,1,13,100,1,100,V100,3,834,35,,,
google_235085571060,261,instance_235085571060_138,1,12,500,1,0,MISC,1,178,75,,,
google_798929584346,410,instance_798929584346_544,1,10,100,1,50,T4,1,278,8,,,
google_398012347881,364,instance_398012347881_1499,1,6,100,1,0,MISC,3,814,39,,,
google_499904674658,393,instance_499904674658_4527,1,17,100,1,0,MISC,1,100,63,,,
google_296992962690,337,instance_296992962690_43,1,14,800,1,0,MISC,2,54,55,,,
google_499486722228,385,instance_499486722228_1246,1,12,100,1,0,MISC,0,273,26,,,
google_288497456405,409,instance_288497456405_361,1,12,100,1,0,MISC,0,126,19,,,
google_348792154279,92,instance_348792154279_919,1,9,200,1,0,MISC,1,74,93,,,
google_221495338811,236,instance_221495338811_1,1,11,100,2,0,MISC,0,87,29,,,
google_260013393823,73,instance_260013393823_996,1,18,300,1,0,MISC,2,511,24,,,
google_314637133793,216,instance_314637133793_936,1,10,200,1,0,MISC,0,443,13,,,
google_357875318157,243,instance_357875318157_8013,1,13,100,1,0,MISC,2,162,73,,,
google_296992962690,337,instance_296992962690_168,1,15,800,1,0,MISC,5,222,85,,,
google_203515499843,367,instance_203515499843_188,1,9,100,1,0,MISC,3,363,28,,,
google_260725669813,3,instance_260725669813_118,1,8,100,1,0,MISC,2,127,20,,,
google_453266172150,10,instance_453266172150_2619,1,6,200,1,250,A100,2,587,91,,,
google_381978799502,130,instance_381978799502_1816,1,8,100,2,0,MISC,0,308,13,,,
google_276563761950,123,instance_276563761950_318,1,6,200,1,0,MISC,3,1082,11,,,
google_239427626372,379,instance_239427626372_1181,1,7,100,1,0,MISC,2,164,77,,,
google_156608140145,268,instance_156608140145_25,1,12,200,1,0,MISC,0,68,38,,,
google_147074738427,67,instance_147074738427_5248,1,8,100,1,0,MISC,1,251,35,,,
google_39516992187,12,instance_39516992187_3643,1,6,100,1,250,A100,0,55,82,,,
google_781075802527,67,instance_781075802527_2059,1,12,200,1,0,MISC,2,216,16,,,
google_495154485825,290,instance_495154485825_2527,1,14,200,2,200,P100,1,106,55,,,
google_755686677250,232,instance_755686677250_1433,1,11,100,1,100,V100,2,46,84,,,
google_294544747384,291,instance_294544747384_55,1,10,100,1,0,MISC,1,104,38,,,
google_757928891474,276,instance_757928891474_1037,1,14,100,1,0,MISC,1,228,60,,,
google_128057656797,169,instance_128057656797_253,1,11,100,1,0,MISC,2,659,22,,,
google_314896169791,249,instance_314896169791_5999,1,6,100,1,0,MISC,2,509,40,,,
google_793077145663,152,instance_793077145663_14872,1,6,100,2,0,MISC,1,116,30,,,
google_260725669813,3,instance_260725669813_335,1,12,100,1,0,MISC,2,708,10,,,
google_357676539755,390,instance_357676539755_191,1,14,200,1,0,MISC,1,74,13,,,
google_346556401280,113,instance_346556401280_15902,1,8,400,2,0,MISC,1,158,25,,,
google_501607868195,412,instance_501607868195_1995,1,8,100,1,100,V100,2,367,78,,,
google_21750403325,329,instance_21750403325_13,1,8,300,4,0,MISC,2,639,23,,,
google_67769965280,71,instance_67769965280_1071,1,10,100,1,0,MISC,1,67,18,,,
google_784488673642,215,instance_784488673642_7696,1,8,100,2,0,MISC,2,599,32,,,
google_737327470532,175,instance_737327470532_15447,1,7,100,2,0,MISC,0,356,56,,,
google_116646838687,368,instance_116646838687_17,1,12,100,1,0,MISC,4,857,28,,,
google_457357241199,36,instance_457357241199_7,1,6,100,2,0,MISC,0,34,73,,,
google_455230211482,11,instance_455230211482_2457,1,11,100,1,0,MISC,4,149,50,,,
google_128057656797,169,instance_128057656797_244,1,12,100,1,150,A100,3,509,20,,,
google_145247935279,386,instance_145247935279_3280,1,10,100,1,0,MISC,2,321,16,,,
google_299950238673,79,instance_299950238673_3007,1,9,100,1,0,MISC,1,118,87,,,
google_122697038507,312,instance_122697038507_6585,1,13,200,1,200,A100,2,198,40,,,
google_14423004927,318,instance_14423004927_1199,1,9,100,1,100,T4,1,61,67,,,
google_758040915170,278,instance_758040915170_2706,1,8,100,1,50,P100,1,81,42,,,
google_498620479395,369,instance_498620479395_191,1,14,200,2,0,MISC,1,116,74,,,
google_281737345673,106,instance_281737345673_324,1,10,300,1,0,MISC,3,152,66,,,
google_96110857594,7,instance_96110857594_5407,1,14,100,1,0,MISC,4,531,23,,,
google_784634965149,168,instance_784634965149_1269,1,10,200,1,0,MISC,2,139,7,,,
google_784488673642,215,instance_784488673642_13285,1,11,100,2,0,MISC,1,134,32,,,
google_287627173968,274,instance_287627173968_87,1,12,200,14,100,T4,3,187,71,,,
google_382938982043,164,instance_382938982043_1583,1,6,100,1,150,A100,2,253,61,,,
google_279240578155,94,instance_279240578155_439,1,11,400,1,0,MISC,1,113,68,,,
google_235716705048,277,instance_235716705048_372,1,6,500,1,0,MISC,3,149,28,,,
google_157857385389,253,instance_157857385389_2756,1,18,300,14,0,MISC,1,48,81,,,
google_478820291755,175,instance_478820291755_475,1,8,200,1,0,MISC,1,83,40,,,
google_710255342622,341,instance_710255342622_19492,1,6,100,1,0,MISC,3,151,32,,,
google_285748468667,231,instance_285748468667_7339,1,7,200,1,0,MISC,0,262,41,,,
google_738552572930,227,instance_738552572930_611,1,9,200,1,0,MISC,0,82,16,,,
google_294544747384,291,instance_294544747384_103,1,12,100,1,0,MISC,2,696,26,,,
google_212549590434,16,instance_212549590434_5458,1,9,100,1,0,MISC,3,992,92,,,
google_460016548579,70,instance_460016548579_1704,1,15,200,1,0,MISC,3,893,74,,,
google_4741149133,209,instance_4741149133_2768,1,6,100,1,0,MISC,2,178,12,,,
google_308136397922,33,instance_308136397922_397,1,9,300,1,0,MISC,0,132,81,,,
google_299996104582,419,instance_299996104582_8148,1,14,100,1,50,A100,2,216,42,,,
google_300864160201,122,instance_300864160201_1997,1,10,100,1,0,MISC,1,184,19,,,
google_4578802523,154,instance_4578802523_828,1,12,200,3,200,T4,0,81,21,,,
google_313624519879,186,instance_313624519879_22023,1,12,100,1,100,P100,4,211,72,,,
google_276430264854,13,instance_276430264854_412,1,14,100,1,250,P100,0,166,6,,,
google_5028906234,278,instance_5028906234_594,1,9,300,3,0,MISC,1,128,10,,,
google_755686677250,232,instance_755686677250_1740,1,10,100,1,0,MISC,3,963,91,,,
google_260725669813,3,instance_260725669813_176,1,8,100,1,0,MISC,3,147,21,,,
google_323069215263,278,instance_323069215263_197,1,17,300,1,0,MISC,1,122,68,,,
google_236368116431,338,instance_236368116431_78429,1,16,100,1,0,MISC,1,116,81,,,
google_25911627449,65,instance_25911627449_4366,1,6,100,1,0,MISC,1,365,61,,,
google_357875317546,251,instance_357875317546_27911,1,12,100,1,0,MISC,3,546,60,,,
google_330587306142,80,instance_330587306142_188,1,10,100,1,0,MISC,4,451,10,,,
google_36195149360,76,instance_36195149360_2042,1,11,300,1,0,MISC,0,487,8,,,
google_310459201750,113,instance_310459201750_506,1,9,100,1,0,MISC,1,136,91,,,
google_278143657170,411,instance_278143657170_1178,1,12,200,1,0,MISC,1,181,9,,,
google_299950267391,47,instance_299950267391_84,1,9,100,1,0,MISC,2,122,67,,,
google_288497456405,409,instance_288497456405_7510,1,8,100,1,0,MISC,2,246,16,,,
google_710255342622,157,instance_710255342622_14271,1,9,100,1,0,MISC,4,2226,56,,,
google_383128227073,170,instance_383128227073_2097,1,7,100,1,0,MISC,2,258,53,,,
google_491881217730,205,instance_491881217730_298,1,13,100,1,200,A100,2,79,83,,,
google_234368706062,225,instance_234368706062_390,1,10,100,1,0,MISC,3,311,89,,,
google_769360049974,1,instance_769360049974_2389,1,11,200,1,0,MISC,2,361,6,,,
google_276227177776,12,instance_276227177776_435,1,9,400,1,150,A100,1,54,49,,,
google_359852128644,14,instance_359852128644_2233,1,8,100,1,0,MISC,0,222,22,,,
google_94589455457,377,instance_94589455457_5347,1,7,100,1,0,MISC,0,445,80,,,
google_322847600665,361,instance_322847600665_570,1,13,600,2,0,MISC,1,129,6,,,
google_798205633057,274,instance_798205633057_1677,1,9,200,1,0,MISC,1,96,21,,,
google_736854675452,30,instance_736854675452_780,1,10,200,1,200,P100,0,91,22,,,
google_382379793028,142,instance_382379793028_299,1,12,100,1,0,MISC,3,229,95,,,
google_788034524199,87,instance_788034524199_1661,1,6,100,3,0,MISC,0,319,35,,,
google_357875317546,251,instance_357875317546_24202,1,8,100,1,0,MISC,3,137,81,,,
google_346556401280,113,instance_346556401280_7493,1,9,400,2,0,MISC,1,114,90,,,
google_793077145663,152,instance_793077145663_3393,1,8,100,2,0,MISC,2,149,38,,,
google_39516992187,12,instance_39516992187_10325,1,10,100,1,250,T4,0,59,65,,,
google_294470513781,39,instance_294470513781_58,1,16,2200,14,0,MISC,3,285,9,,,
google_457356859499,36,instance_457356859499_3071,1,12,100,1,0,MISC,1,260,65,,,
google_769360049974,15,instance_769360049974_398,1,12,200,1,50,A100,1,122,19,,,
google_384650875475,307,instance_384650875475_521,1,11,100,2,0,MISC,1,262,25,,,
google_160232493655,220,instance_160232493655_870,1,15,100,1,150,T4,0,272,76,,,
google_297489629603,373,instance_297489629603_33657,1,10,100,1,0,MISC,2,348,33,,,
google_498541627546,369,instance_498541627546_6201,1,8,100,1,0,MISC,1,144,43,,,
google_18300063599,215,instance_18300063599_744,1,12,200,2,0,MISC,1,107,12,,,
google_348547149798,206,instance_348547149798_10,1,14,200,1,100,A100,2,217,13,,,
google_236368116431,338,instance_236368116431_10864,1,13,100,1,0,MISC,2,251,79,,,
google_737254182852,195,instance_737254182852_668,1,12,200,1,0,MISC,1,1040,16,,,
google_294544747384,102,instance_294544747384_9068,1,9,100,1,0,MISC,1,112,31,,,
google_90961159812,194,instance_90961159812_25,1,9,600,8,50,A100,2,265,7,,,
google_710255342622,157,instance_710255342622_15,1,10,100,1,0,MISC,3,134,34,,,
google_324708383074,367,instance_324708383074_801,1,8,100,1,0,MISC,3,974,32,,,
google_294544747384,291,instance_294544747384_740,1,8,100,1,0,MISC,1,216,76,,,
google_294544747384,291,instance_294544747384_1749,1,10,100,1,0,MISC,2,436,57,,,
google_346556401280,113,instance_346556401280_9680,1,13,400,2,0,MISC,5,501,84,,,
google_454520770906,18,instance_454520770906_1724,1,10,200,1,0,MISC,0,53,50,,,
google_755686677250,232,instance_755686677250_5652,1,10,100,1,0,MISC,1,119,82,,,
google_261379492804,225,instance_261379492804_217,1,10,100,1,150,V100,0,243,17,,,
google_236368116431,361,instance_236368116431_41933,1,15,100,1,0,MISC,1,62,45,,,
google_497770033756,316,instance_497770033756_1550,1,15,300,3,0,MISC,0,85,47,,,
google_395838482036,331,instance_395838482036_160,1,6,100,1,0,MISC,0,55,37,,,
google_166409899866,97,instance_166409899866_2629,1,13,100,2,0,MISC,3,214,7,,,
google_300407752644,411,instance_300407752644_0,1,6,100,1,0,MISC,4,132,34,,,
google_496921116211,329,instance_496921116211_12289,1,11,100,1,0,MISC,2,278,32,,,
google_333781321075,48,instance_333781321075_9951,1,11,200,2,0,MISC,1,106,76,,,
google_5448183242,39,instance_5448183242_1877,1,14,100,1,0,MISC,2,476,53,,,
google_234110008128,310,instance_234110008128_2237,1,9,100,1,0,MISC,1,551,44,,,
google_116646838687,57,instance_116646838687_17,1,7,100,1,150,A100,2,174,38,,,
google_330587204926,236,instance_330587204926_529,1,7,200,1,150,A100,2,155,6,,,
google_382938982043,164,instance_382938982043_1830,1,11,100,1,0,MISC,1,118,78,,,
google_13748635759,229,instance_13748635759_1912,1,10,900,11,0,MISC,4,891,22,,,
google_116646838687,368,instance_116646838687_17,1,8,100,1,0,MISC,1,68,18,,,
google_12239783313,425,instance_12239783313_2,1,6,600,3,0,MISC,2,476,22,,,
google_330587186206,150,instance_330587186206_1247,1,13,100,2,0,MISC,3,772,42,,,
google_288497456405,409,instance_288497456405_3238,1,13,100,1,0,MISC,1,70,8,,,
google_221495509609,303,instance_221495509609_2113,1,7,200,1,0,MISC,3,358,6,,,
google_203075380957,68,instance_203075380957_19,1,11,1100,2,0,MISC,3,308,6,,,
google_374675839188,1,instance_374675839188_7908,1,8,100,1,0,MISC,2,197,79,,,
google_300849357479,65,instance_300849357479_150,1,6,200,1,0,MISC,1,85,24,,,
google_315267883348,26,instance_315267883348_1531,1,11,100,1,0,MISC,0,187,47,,,
google_783306677680,89,instance_783306677680_93,1,6,200,1,150,T4,2,505,17,,,
google_128073966478,17,instance_128073966478_2330,1,9,100,1,0,MISC,0,166,94,,,
google_499904674658,393,instance_499904674658_4601,1,6,100,1,250,A100,1,157,44,,,
google_764746460206,332,instance_764746460206_33288,1,7,100,1,0,MISC,0,269,62,,,
google_346556401280,113,instance_346556401280_1352,1,12,400,2,0,MISC,1,71,30,,,
google_39516992187,12,instance_39516992187_3521,1,12,100,1,0,MISC,1,188,45,,,
google_755686677250,232,instance_755686677250_7192,1,6,100,1,0,MISC,1,143,41,,,
google_294544747384,291,instance_294544747384_8120,1,8,100,1,0,MISC,2,174,88,,,
google_477283554241,154,instance_477283554241_5944,1,6,200,2,0,MISC,2,128,67,,,
google_299950279278,53,instance_299950279278_1053,1,11,100,1,0,MISC,0,75,49,,,
google_236368116431,338,instance_236368116431_103859,1,14,100,1,0,MISC,1,130,27,,,
google_14423004927,318,instance_14423004927_1199,1,10,100,1,0,MISC,1,249,33,,,
google_395838482036,331,instance_395838482036_296,1,6,100,1,0,MISC,3,384,95,,,
google_326995662958,399,instance_326995662958_69976,1,10,100,1,0,MISC,0,157,51,,,
google_288497456405,409,instance_288497456405_10179,1,10,100,1,0,MISC,2,122,18,,,
google_379491243491,72,instance_379491243491_5246,1,13,100,1,200,P100,2,57,42,,,
google_77793008192,429,instance_77793008192_3217,1,14,100,1,200,A100,4,551,24,,,
google_145247935279,363,instance_145247935279_3956,1,9,100,2,0,MISC,2,914,8,,,
google_94591244395,43,instance_94591244395_417,1,8,200,2,0,MISC,1,199,22,,,
google_452293309013,26,instance_452293309013_1023,1,11,200,1,0,MISC,1,61,9,,,
google_93247928673,159,instance_93247928673_9399,1,13,300,1,0,MISC,0,117,17,,,
google_294544747384,291,instance_294544747384_65,1,6,100,1,0,MISC,2,304,91,,,
google_260266651997,169,instance_260266651997_760,1,7,100,1,50,V100,2,198,16,,,
google_374675984600,5,instance_374675984600_1654,1,6,100,1,0,MISC,1,482,73,,,
google_39516992187,12,instance_39516992187_6349,1,7,100,1,0,MISC,0,691,92,,,
google_738552576594,213,instance_738552576594_1620,1,6,200,1,0,MISC,1,339,14,,,
google_157792892935,383,instance_157792892935_192,1,14,100,1,0,MISC,2,150,24,,,
google_315268937146,64,instance_315268937146_2031,1,13,100,1,0,MISC,1,360,73,,,
google_298890327109,408,instance_298890327109_1724,1,11,100,1,0,MISC,3,725,46,,,
google_260266651997,169,instance_260266651997_767,1,8,100,1,0,MISC,2,144,12,,,
google_294470514509,215,instance_294470514509_86,1,9,600,2,0,MISC,1,196,8,,,
google_480537971565,221,instance_480537971565_501,1,7,200,1,50,A100,1,122,10,,,
google_455759122797,13,instance_455759122797_1907,1,6,100,1,0,MISC,3,507,52,,,
google_77793008192,429,instance_77793008192_9434,1,8,100,1,0,MISC,0,79,64,,,
google_128073966478,17,instance_128073966478_280,1,10,100,1,0,MISC,1,173,60,,,
google_368969043652,378,instance_368969043652_2214,1,6,100,1,0,MISC,0,180,34,,,
google_128073966478,17,instance_128073966478_5335,1,10,100,1,0,MISC,0,250,46,,,
google_236368116431,338,instance_236368116431_49565,1,11,100,1,0,MISC,0,112,25,,,
google_326995662958,399,instance_326995662958_50889,1,6,100,1,0,MISC,0,26,86,,,
google_260725669813,3,instance_260725669813_950,1,14,100,1,200,A100,3,201,23,,,
google_807612526931,334,instance_807612526931_0,1,8,100,1,0,MISC,2,128,47,,,
google_77793008192,429,instance_77793008192_4183,1,12,100,1,0,MISC,2,120,56,,,
google_383174347137,173,instance_383174347137_516,1,6,100,1,0,MISC,1,41,91,,,
google_498620479395,369,instance_498620479395_374,1,10,200,2,0,MISC,0,93,94,,,
google_753044612646,406,instance_753044612646_589,1,6,200,1,50,T4,0,176,9,,,
google_755686677250,232,instance_755686677250_11643,1,13,100,1,0,MISC,2,454,71,,,
google_784245858759,46,instance_784245858759_2178,1,12,100,3,0,MISC,2,258,63,,,
google_755686677250,232,instance_755686677250_6588,1,6,100,1,0,MISC,1,83,70,,,
google_39516992187,12,instance_39516992187_5292,1,7,100,1,0,MISC,0,168,93,,,
google_286242036396,292,instance_286242036396_1039,1,12,200,1,0,MISC,3,1239,16,,,
google_381978799502,130,instance_381978799502_2288,1,10,100,1,0,MISC,1,211,39,,,
google_461154315154,91,instance_461154315154_45,1,13,100,2,0,MISC,1,97,48,,,
google_368969043652,378,instance_368969043652_858,1,11,100,1,0,MISC,1,195,49,,,
google_322066611026,236,instance_322066611026_1045,1,7,300,1,0,MISC,1,103,78,,,
google_39516992187,12,instance_39516992187_6127,1,6,100,1,0,MISC,3,363,67,,,
google_358931119334,241,instance_358931119334_2538,1,6,100,1,0,MISC,4,495,31,,,
google_300836087305,119,instance_300836087305_1025,1,9,200,1,0,MISC,0,148,17,,,
google_322066611026,236,instance_322066611026_450,1,10,300,1,0,MISC,2,288,42,,,
google_492775714879,209,instance_492775714879_2310,1,15,100,1,100,A100,1,69,65,,,
google_784956094732,117,instance_784956094732_1369,1,8,200,1,0,MISC,1,94,8,,,
google_376863375062,82,instance_376863375062_81,1,11,100,1,0,MISC,0,64,25,,,
google_16604544919,426,instance_16604544919_190,1,7,100,1,0,MISC,2,414,29,,,
google_116646838687,368,instance_116646838687_17,1,15,100,1,0,MISC,0,59,34,,,
google_39516992187,12,instance_39516992187_3625,1,10,100,1,0,MISC,6,1556,58,,,
google_368969043652,378,instance_368969043652_3515,1,10,100,1,0,MISC,2,58,56,,,
google_25911621841,251,instance_25911621841_2423,1,10,100,1,0,MISC,1,96,78,,,
google_361048929605,182,instance_361048929605_6432,1,7,100,1,0,MISC,1,47,33,,,
google_710255342622,341,instance_710255342622_6381,1,12,100,1,0,MISC,2,130,26,,,
google_240053269538,401,instance_240053269538_44274,1,8,100,1,0,MISC,2,485,47,,,
google_6872,429,instance_6872_239,1,16,100,1,0,MISC,3,359,15,,,
google_299995986371,420,instance_299995986371_6090,1,6,100,1,0,MISC,0,225,70,,,
google_156922393102,161,instance_156922393102_270,1,18,1400,10,150,T4,2,196,22,,,
google_346556401280,113,instance_346556401280_10090,1,8,400,2,0,MISC,1,227,82,,,
google_16604544919,426,instance_16604544919_694,1,9,100,1,0,MISC,1,62,49,,,
google_279416612954,62,instance_279416612954_4358,1,6,100,2,0,MISC,1,176,96,,,
google_755686677250,232,instance_755686677250_10533,1,12,100,1,0,MISC,1,235,42,,,
google_344407582599,133,instance_344407582599_661,1,8,100,1,100,A100,1,85,25,,,
google_314256997830,195,instance_314256997830_546,1,14,200,1,0,MISC,2,445,17,,,
google_219840706319,23,instance_219840706319_297,1,7,400,1,0,MISC,1,187,87,,,
google_330587172974,321,instance_330587172974_778,1,12,200,4,0,MISC,1,41,29,,,
google_5448262609,28,instance_5448262609_1109,1,16,100,1,0,MISC,3,645,40,,,
google_294544747384,291,instance_294544747384_189,1,14,100,1,0,MISC,2,41,95,,,
google_235716705048,277,instance_235716705048_335,1,6,500,1,0,MISC,1,74,44,,,
google_221495509609,151,instance_221495509609_824,1,6,200,1,0,MISC,3,553,9,,,
google_300864160201,122,instance_300864160201_85,1,17,200,1,0,MISC,0,77,14,,,
google_122697038507,312,instance_122697038507_1191,1,13,200,1,0,MISC,2,73,46,,,
google_276842729641,97,instance_276842729641_657,1,6,200,1,0,MISC,2,209,10,,,
google_261560021823,45,instance_261560021823_875,1,10,100,1,0,MISC,3,356,17,,,
google_330587207427,24,instance_330587207427_1430,1,8,200,1,0,MISC,1,111,18,,,
google_39516992187,12,instance_39516992187_7214,1,10,100,1,0,MISC,1,385,28,,,
google_757993223888,277,instance_757993223888_1952,1,10,100,1,0,MISC,4,370,59,,,
google_359738464136,343,instance_359738464136_9115,1,6,100,1,0,MISC,1,79,16,,,
google_798929580910,200,instance_798929580910_1268,1,15,100,1,0,MISC,1,34,9,,,
google_297448702423,358,instance_297448702423_209,1,8,100,1,0,MISC,2,595,63,,,
google_221495433430,55,instance_221495433430_644,1,9,200,1,200,T4,0,210,6,,,
google_260725669813,3,instance_260725669813_112,1,15,100,1,0,MISC,4,334,16,,,
google_346556401280,113,instance_346556401280_3669,1,9,400,2,0,MISC,4,2058,53,,,
google_116646838687,57,instance_116646838687_40,1,9,100,1,0,MISC,0,100,44,,,
google_382379793028,142,instance_382379793028_552,1,11,100,1,0,MISC,2,313,69,,,
google_236368116431,338,instance_236368116431_28424,1,11,100,1,0,MISC,1,681,77,,,
google_77793008192,429,instance_77793008192_7990,1,7,100,1,0,MISC,1,137,24,,,
google_147074738457,22,instance_147074738457_1710,1,12,100,1,0,MISC,2,160,21,,,
google_183553031403,63,instance_183553031403_93,1,15,100,1,200,V100,3,201,23,,,
google_261379492804,225,instance_261379492804_301,1,12,100,1,0,MISC,2,522,18,,,
google_383161776481,172,instance_383161776481_26,1,11,100,2,0,MISC,3,862,51,,,
google_796037227562,134,instance_796037227562_35267,1,6,100,1,0,MISC,0,89,30,,,
google_793077145663,152,instance_793077145663_12612,1,16,100,2,0,MISC,2,371,45,,,
google_221495648196,1,instance_221495648196_2079,1,14,100,1,0,MISC,2,148,11,,,
google_128057656797,169,instance_128057656797_1185,1,7,100,1,0,MISC,2,152,48,,,
google_796037227562,134,instance_796037227562_19974,1,13,100,1,0,MISC,3,668,69,,,
google_280341154608,97,instance_280341154608_10108,1,14,100,1,0,MISC,1,151,71,,,
google_314894065526,218,instance_314894065526_9387,1,9,100,1,0,MISC,1,255,59,,,
google_455230211482,11,instance_455230211482_1307,1,11,100,1,200,V100,4,274,77,,,
google_710255342622,341,instance_710255342622_16367,1,6,100,1,0,MISC,1,73,91,,,
google_394549186960,335,instance_394549186960_221,1,8,100,1,0,MISC,0,107,48,,,
google_94589461004,99,instance_94589461004_1614,1,13,100,1,0,MISC,1,32,69,,,
google_261379492804,225,instance_261379492804_55,1,7,100,1,0,MISC,2,128,22,,,
google_358931119334,241,instance_358931119334_550,1,15,100,1,0,MISC,2,117,71,,,
google_478820291755,175,instance_478820291755_361,1,15,200,1,0,MISC,1,90,79,,,
google_12983065531,61,instance_12983065531_578,1,9,500,1,0,MISC,0,179,93,,,
google_236368116431,361,instance_236368116431_24698,1,14,100,1,0,MISC,2,201,26,,,
google_798205633057,274,instance_798205633057_131,1,6,100,1,0,MISC,1,147,23,,,
google_384650875475,307,instance_384650875475_524,1,13,100,2,0,MISC,1,67,49,,,
google_755686677250,232,instance_755686677250_4040,1,8,100,1,0,MISC,2,174,94,,,
google_261560021823,320,instance_261560021823_2004,1,6,100,1,0,MISC,1,38,17,,,
google_368969043652,378,instance_368969043652_2580,1,10,100,1,0,MISC,1,198,64,,,
google_710255342622,157,instance_710255342622_16367,1,10,100,1,0,MISC,1,78,27,,,
google_358931119334,241,instance_358931119334_654,1,11,100,1,0,MISC,2,606,24,,,
google_276430264854,13,instance_276430264854_1006,1,6,100,1,150,P100,2,317,17,,,
google_755686677250,232,instance_755686677250_10770,1,8,100,1,250,A100,2,79,44,,,
google_784488673642,215,instance_784488673642_4993,1,10,100,2,0,MISC,2,240,93,,,
google_359852128644,14,instance_359852128644_621,1,6,100,1,0,MISC,1,204,19,,,
google_276842729641,97,instance_276842729641_254,1,8,200,1,0,MISC,1,37,16,,,
google_330587186206,150,instance_330587186206_745,1,6,100,2,0,MISC,2,157,24,,,
google_346556401280,113,instance_346556401280_10443,1,10,400,2,0,MISC,1,110,91,,,
google_494453304607,225,instance_494453304607_24480,1,6,100,1,0,MISC,0,66,71,,,
google_20866460087,306,instance_20866460087_224,1,11,500,1,0,MISC,1,200,50,,,
google_234657249319,235,instance_234657249319_481,1,7,100,1,0,MISC,4,195,73,,,
google_460305803895,99,instance_460305803895_2161,1,14,100,1,0,MISC,1,124,45,,,
google_315267883455,12,instance_315267883455_1335,1,11,100,1,0,MISC,1,101,96,,,
google_3846282761,46,instance_3846282761_240,1,10,100,3,0,MISC,1,163,59,,,
google_260725669813,3,instance_260725669813_176,1,14,100,1,250,A100,1,452,9,,,
google_330587303641,390,instance_330587303641_808,1,12,200,1,0,MISC,2,835,7,,,
google_284637788259,173,instance_284637788259_49,1,8,100,1,50,T4,3,1007,57,,,
google_756249922741,77,instance_756249922741_0,1,10,100,1,0,MISC,1,90,13,,,
google_261379492804,225,instance_261379492804_219,1,14,100,1,0,MISC,2,103,22,,,
google_14423004927,318,instance_14423004927_3785,1,9,100,1,0,MISC,2,59,45,,,
google_39516992187,12,instance_39516992187_527,1,11,100,1,0,MISC,0,89,94,,,
google_480537971565,221,instance_480537971565_1012,1,13,200,1,0,MISC,2,137,11,,,
google_491278284067,202,instance_491278284067_9859,1,12,100,1,0,MISC,0,52,31,,,
google_198451272245,49,instance_198451272245_191,1,10,100,2,0,MISC,3,426,7,,,
google_359852128644,14,instance_359852128644_324,1,12,100,1,0,MISC,3,117,11,,,
google_769360049974,1,instance_769360049974_1255,1,6,200,1,0,MISC,2,143,8,,,
google_755686677250,232,instance_755686677250_5618,1,12,100,1,0,MISC,2,194,61,,,
google_116646838687,368,instance_116646838687_17,1,6,100,1,0,MISC,1,140,26,,,
google_222221471174,112,instance_222221471174_67,1,18,100,1,0,MISC,2,106,26,,,
google_145247935279,386,instance_145247935279_255,1,12,100,1,0,MISC,0,395,23,,,
google_290470321118,204,instance_290470321118_202,1,10,100,1,0,MISC,0,58,39,,,
google_768507287001,7,instance_768507287001_2368,1,12,200,1,0,MISC,1,85,10,,,
google_382938982043,164,instance_382938982043_665,1,16,100,1,0,MISC,1,16,90,,,
google_18969797910,124,instance_18969797910_39,1,9,300,1,0,MISC,0,166,13,,,
google_795176758467,105,instance_795176758467_2180,1,7,200,2,0,MISC,3,289,23,,,
google_277742499833,368,instance_277742499833_774,1,11,100,7,0,MISC,1,135,77,,,
google_4143581522,291,instance_4143581522_1276,1,11,100,10,0,MISC,0,128,9,,,
google_234915116734,247,instance_234915116734_465,1,12,500,1,0,MISC,2,163,44,,,
google_451544768,107,instance_451544768_3912,1,13,100,1,50,T4,2,457,35,,,
google_285720586621,221,instance_285720586621_4244,1,9,100,3,0,MISC,2,112,73,,,
google_737254190047,47,instance_737254190047_1228,1,10,200,1,0,MISC,1,188,12,,,
google_10445557720,59,instance_10445557720_1700,1,9,1200,6,0,MISC,0,148,17,,,
google_277469535958,91,instance_277469535958_441,1,11,100,1,0,MISC,1,620,11,,,
google_288497448483,94,instance_288497448483_2585,1,8,100,1,250,V100,1,222,7,,,
google_348547147297,189,instance_348547147297_104,1,13,200,1,200,T4,4,795,19,,,
google_236368120432,353,instance_236368120432_4548,1,6,200,1,0,MISC,2,76,25,,,
google_288497456405,409,instance_288497456405_583,1,9,100,1,0,MISC,1,26,14,,,
google_128055355994,4,instance_128055355994_1087,1,17,2300,26,200,P100,3,587,24,,,
google_455911332788,20,instance_455911332788_171,1,14,300,2,200,A100,5,943,86,,,
google_281804868967,103,instance_281804868967_202,1,6,100,1,0,MISC,2,801,48,,,
google_212549661125,42,instance_212549661125_776,1,6,100,1,0,MISC,2,518,39,,,
google_2399970501,392,instance_2399970501_2011,1,11,100,1,0,MISC,0,81,26,,,
google_300849357479,65,instance_300849357479_183,1,15,200,1,0,MISC,1,504,16,,,
google_346556401280,113,instance_346556401280_2341,1,11,400,2,0,MISC,1,29,84,,,
google_710255342622,157,instance_710255342622_5756,1,11,100,1,0,MISC,1,239,50,,,
google_297489629603,394,instance_297489629603_4420,1,12,100,1,0,MISC,2,411,64,,,
google_330587306142,80,instance_330587306142_1864,1,12,100,1,0,MISC,0,63,8,,,
google_315268989501,30,instance_315268989501_609,1,12,100,1,0,MISC,2,711,42,,,
google_313663173051,178,instance_313663173051_180,1,11,200,1,0,MISC,2,94,22,,,
google_234109952238,212,instance_234109952238_4341,1,6,200,1,0,MISC,1,333,58,,,
google_764746460206,332,instance_764746460206_28655,1,6,100,1,0,MISC,1,392,75,,,
google_374675853022,80,instance_374675853022_4623,1,6,100,1,0,MISC,1,17,75,,,
google_156922393102,161,instance_156922393102_644,1,14,1400,10,100,P100,0,167,10,,,
google_357875318529,286,instance_357875318529_17179,1,6,100,1,0,MISC,3,178,45,,,
google_330587186206,150,instance_330587186206_671,1,6,100,2,0,MISC,3,357,61,,,
google_2399969941,148,instance_2399969941_833,1,14,100,1,250,A100,1,50,17,,,
google_495154485825,304,instance_495154485825_7765,1,21,300,2,0,MISC,2,129,74,,,
google_280991165603,406,instance_280991165603_1006,1,12,200,1,0,MISC,0,69,19,,,
google_221495330796,320,instance_221495330796_2484,1,10,200,4,0,MISC,2,697,44,,,
google_783306677680,89,instance_783306677680_461,1,13,200,1,0,MISC,2,526,13,,,
google_315267875638,23,instance_315267875638_525,1,13,100,1,0,MISC,0,47,55,,,
google_315268991185,62,instance_315268991185_5723,1,6,100,1,0,MISC,2,89,13,,,
google_757993223888,277,instance_757993223888_5108,1,6,100,1,0,MISC,0,124,46,,,
google_748672561728,299,instance_748672561728_2370,1,9,100,1,0,MISC,3,353,86,,,
google_799906496464,203,instance_799906496464_1702,1,11,100,1,0,MISC,1,552,36,,,
google_758205817546,343,instance_758205817546_82,1,13,100,4,0,MISC,2,141,28,,,
google_221495430926,40,instance_221495430926_827,1,10,100,1,0,MISC,0,58,13,,,
google_383174347137,173,instance_383174347137_1315,1,7,100,1,0,MISC,0,155,85,,,
google_50359268283,106,instance_50359268283_552,1,11,100,1,150,V100,0,183,18,,,
google_755686677250,232,instance_755686677250_11443,1,10,100,1,0,MISC,0,117,90,,,
google_261561462597,357,instance_261561462597_666,1,8,200,2,0,MISC,1,201,85,,,
google_499904674658,393,instance_499904674658_1014,1,9,100,1,0,MISC,4,1024,80,,,
google_755686677250,232,instance_755686677250_1226,1,12,100,1,0,MISC,0,187,24,,,
google_346787353352,159,instance_346787353352_13562,1,11,100,1,100,A100,2,297,67,,,
google_496921116211,346,instance_496921116211_6025,1,13,100,1,0,MISC,1,55,90,,,
google_287116228277,263,instance_287116228277_505,1,13,300,1,0,MISC,2,609,85,,,
google_128057656797,169,instance_128057656797_1223,1,16,200,2,0,MISC,2,50,13,,,
google_275444626052,54,instance_275444626052_2223,1,6,100,1,0,MISC,1,63,34,,,
google_368969043652,378,instance_368969043652_549,1,12,100,1,0,MISC,1,285,88,,,
google_781075805028,32,instance_781075805028_417,1,7,200,1,0,MISC,1,194,18,,,
google_784488673642,215,instance_784488673642_1250,1,11,100,2,200,P100,1,40,82,,,
google_203075380957,68,instance_203075380957_50,1,11,1100,2,0,MISC,2,89,19,,,
google_221495463014,23,instance_221495463014_483,1,7,200,1,0,MISC,1,174,16,,,
google_196004240125,147,instance_196004240125_441,1,9,100,1,0,MISC,0,102,40,,,
google_368969043652,378,instance_368969043652_56,1,14,100,1,0,MISC,0,75,81,,,
google_764752541673,323,instance_764752541673_2347,1,6,100,1,0,MISC,1,136,84,,,
google_330587172974,321,instance_330587172974_1271,1,11,200,5,0,MISC,2,1402,67,,,
google_460275289354,80,instance_460275289354_392,1,15,200,5,0,MISC,0,151,79,,,
google_212549590434,17,instance_212549590434_4394,1,7,100,1,0,MISC,4,476,59,,,
google_455746863501,26,instance_455746863501_1369,1,6,100,1,200,V100,0,282,83,,,
google_234110028923,263,instance_234110028923_6928,1,14,100,1,0,MISC,0,263,27,,,
google_739764446035,38,instance_739764446035_893,1,7,100,11,0,MISC,1,117,59,,,
google_368583599219,332,instance_368583599219_2645,1,10,200,1,0,MISC,1,366,52,,,
google_96110849886,269,instance_96110849886_3607,1,7,100,1,150,T4,2,191,27,,,
google_781075805028,32,instance_781075805028_709,1,14,200,1,0,MISC,4,363,18,,,
google_755686677250,232,instance_755686677250_9530,1,14,100,1,0,MISC,3,658,38,,,
google_710255342622,157,instance_710255342622_5738,1,14,100,1,0,MISC,2,393,42,,,
google_263408631423,136,instance_263408631423_648,1,6,100,1,0,MISC,2,71,8,,,
google_358931119334,241,instance_358931119334_2709,1,10,100,1,0,MISC,4,502,60,,,
google_261465308671,34,instance_261465308671_288,1,10,100,1,0,MISC,2,162,19,,,
google_326995662958,399,instance_326995662958_67238,1,13,100,1,0,MISC,0,517,78,,,
google_240053269538,401,instance_240053269538_1688,1,15,100,1,0,MISC,1,596,54,,,
google_14423004927,318,instance_14423004927_736,1,11,100,1,0,MISC,0,90,26,,,
google_229648915940,285,instance_229648915940_191,1,7,100,1,0,MISC,0,172,88,,,
google_755686677250,232,instance_755686677250_11870,1,8,100,1,0,MISC,4,304,91,,,
google_323371585507,349,instance_323371585507_1239,1,13,100,1,0,MISC,2,819,44,,,
google_815322757780,321,instance_815322757780_12140,1,7,100,1,0,MISC,2,333,92,,,
google_315267875638,4,instance_315267875638_2555,1,20,900,1,0,MISC,2,198,87,,,
google_157857385389,253,instance_157857385389_73,1,14,300,14,0,MISC,2,798,60,,,
google_774720011087,52,instance_774720011087_1017,1,14,200,1,50,T4,1,231,13,,,
google_260725669813,188,instance_260725669813_335,1,17,100,1,100,T4,2,63,15,,,
google_796037227562,134,instance_796037227562_52946,1,7,100,1,0,MISC,2,473,72,,,
google_370794993351,428,instance_370794993351_18951,1,13,200,1,0,MISC,2,396,91,,,
google_460016548579,70,instance_460016548579_173,1,9,200,1,0,MISC,0,120,51,,,
google_368969043652,378,instance_368969043652_3572,1,13,100,1,0,MISC,1,269,87,,,
google_116646838687,368,instance_116646838687_17,1,7,100,1,0,MISC,1,288,36,,,
google_823800290622,397,instance_823800290622_2915,1,14,100,25,0,MISC,4,521,34,,,
google_359852128644,14,instance_359852128644_518,1,11,100,1,0,MISC,1,478,15,,,
google_93247928673,159,instance_93247928673_10282,1,18,100,1,0,MISC,0,22,14,,,
google_315268981882,63,instance_315268981882_688,1,10,100,1,0,MISC,3,205,46,,,
google_368969043652,378,instance_368969043652_8,1,16,100,1,100,T4,1,447,94,,,
google_288497448483,290,instance_288497448483_7369,1,12,100,1,50,V100,1,77,17,,,
google_35039733202,2,instance_35039733202_2607,1,8,100,1,0,MISC,1,123,24,,,
google_240053269538,401,instance_240053269538_59885,1,8,100,1,0,MISC,2,526,87,,,
google_260725669813,3,instance_260725669813_148,1,14,100,1,0,MISC,1,68,20,,,
google_128073966478,17,instance_128073966478_3859,1,13,100,1,0,MISC,3,673,31,,,
google_2399970501,70,instance_2399970501_1829,1,17,200,2,100,A100,3,402,34,,,
google_308411613220,64,instance_308411613220_8772,1,12,100,1,0,MISC,1,212,83,,,
google_795359022771,118,instance_795359022771_2049,1,13,100,1,0,MISC,0,465,27,,,
google_755686677250,232,instance_755686677250_11078,1,14,100,1,0,MISC,0,69,96,,,
google_499904674658,393,instance_499904674658_351,1,13,100,1,0,MISC,0,166,25,,,
google_457356859499,36,instance_457356859499_1876,1,11,100,1,0,MISC,0,68,54,,,
google_346556401280,113,instance_346556401280_12276,1,12,400,2,250,T4,0,72,58,,,
google_796037227562,134,instance_796037227562_10121,1,12,100,1,0,MISC,0,242,74,,,
google_276430264854,13,instance_276430264854_742,1,11,100,1,50,T4,1,158,12,,,
google_6776392008,228,instance_6776392008_444,1,7,100,1,0,MISC,3,79,15,,,
google_788034524199,87,instance_788034524199_1723,1,6,100,3,50,T4,1,436,77,,,
google_294470513781,39,instance_294470513781_49,1,20,2200,14,150,V100,2,288,22,,,
google_823800290622,397,instance_823800290622_991,1,8,100,25,0,MISC,5,286,36,,,
google_240053262993,402,instance_240053262993_22737,1,8,100,1,0,MISC,2,110,25,,,
google_98503487818,31,instance_98503487818_2743,1,7,100,1,50,V100,3,228,33,,,
google_823800290622,397,instance_823800290622_2084,1,16,100,25,0,MISC,1,38,44,,,
google_116646838687,368,instance_116646838687_17,1,8,100,1,0,MISC,0,33,18,,,
google_784488673642,215,instance_784488673642_9488,1,11,100,2,0,MISC,2,555,87,,,
google_261379492804,225,instance_261379492804_2280,1,12,100,1,200,A100,1,206,14,,,
google_237608136494,316,instance_237608136494_19,1,8,100,1,0,MISC,2,257,43,,,
google_236368116431,361,instance_236368116431_83254,1,11,100,1,0,MISC,2,183,33,,,
google_500688938309,399,instance_500688938309_152,1,9,200,1,0,MISC,2,414,94,,,
google_330587204926,236,instance_330587204926_438,1,7,200,1,0,MISC,1,68,6,,,
google_236368116431,361,instance_236368116431_40282,1,14,100,1,0,MISC,4,121,27,,,
google_128057642858,131,instance_128057642858_231,1,7,100,1,0,MISC,1,148,23,,,
google_322847600665,361,instance_322847600665_497,1,15,600,2,0,MISC,3,135,9,,,
google_14423004927,318,instance_14423004927_1319,1,10,100,1,200,P100,2,130,50,,,
google_755686677250,232,instance_755686677250_6551,1,14,100,1,0,MISC,3,496,68,,,
google_282302331715,116,instance_282302331715_143,1,11,100,1,0,MISC,3,634,26,,,
google_793077145663,152,instance_793077145663_6892,1,8,100,2,0,MISC,2,75,12,,,
google_726682965732,154,instance_726682965732_0,1,8,100,1,0,MISC,2,81,12,,,
google_757792637514,274,instance_757792637514_5795,1,8,100,1,0,MISC,2,54,38,,,
google_315267875638,4,instance_315267875638_39357,1,7,200,1,0,MISC,1,26,39,,,
google_778063070167,389,instance_778063070167_0,1,9,100,1,250,P100,1,86,26,,,
google_12983065531,61,instance_12983065531_413,1,12,500,1,0,MISC,2,132,89,,,
google_39516992187,12,instance_39516992187_5195,1,9,100,1,0,MISC,1,129,86,,,
google_784956094732,117,instance_784956094732_1143,1,12,200,1,0,MISC,2,310,6,,,
google_278143657170,411,instance_278143657170_352,1,8,200,1,50,V100,1,72,7,,,
google_781395587588,27,instance_781395587588_2244,1,13,200,1,0,MISC,5,929,23,,,
google_784488673642,215,instance_784488673642_19441,1,10,100,2,0,MISC,1,83,33,,,
google_798929584346,410,instance_798929584346_2287,1,10,200,1,0,MISC,2,268,22,,,
google_290470321118,204,instance_290470321118_450,1,6,100,1,0,MISC,0,74,19,,,
google_384929736739,239,instance_384929736739_207,1,13,100,1,0,MISC,3,379,63,,,
google_77793008192,429,instance_77793008192_8089,1,6,100,1,0,MISC,2,2818,32,,,
google_754196157814,204,instance_754196157814_576,1,6,100,1,0,MISC,0,31,25,,,
google_348020181306,409,instance_348020181306_5,1,13,100,2,0,MISC,3,622,36,,,
google_773957514485,339,instance_773957514485_17183,1,7,100,2,0,MISC,3,540,55,,,
google_260725669813,3,instance_260725669813_148,1,7,100,1,150,V100,0,60,14,,,
google_236368221226,396,instance_236368221226_34931,1,7,100,1,0,MISC,0,86,84,,,
google_460304221907,82,instance_460304221907_1065,1,7,100,1,0,MISC,1,34,91,,,
google_784488673642,215,instance_784488673642_12017,1,8,100,2,0,MISC,3,148,81,,,
google_755533815564,231,instance_755533815564_15889,1,14,200,3,0,MISC,1,22,61,,,
google_277469535958,91,instance_277469535958_233,1,7,100,1,50,V100,1,405,8,,,
google_315267883348,26,instance_315267883348_263,1,7,200,1,0,MISC,0,83,88,,,
google_320177399264,139,instance_320177399264_3328,1,7,100,2,50,P100,1,107,43,,,
google_260725669813,89,instance_260725669813_480,1,8,100,1,0,MISC,3,403,7,,,
google_710255342622,157,instance_710255342622_686,1,14,100,1,0,MISC,3,839,52,,,
google_385357595637,259,instance_385357595637_947,1,10,100,1,0,MISC,0,244,63,,,
google_498344834298,349,instance_498344834298_3605,1,10,100,1,0,MISC,2,583,41,,,
google_20866459559,174,instance_20866459559_13,1,8,600,8,0,MISC,0,69,8,,,
google_237608136494,316,instance_237608136494_86,1,6,100,1,0,MISC,1,70,22,,,
google_10660417366,116,instance_10660417366_2122,1,13,1000,8,150,A100,0,153,19,,,
google_36195151947,106,instance_36195151947_2388,1,7,700,4,0,MISC,3,585,18,,,
google_494783172979,239,instance_494783172979_220,1,9,100,1,0,MISC,2,184,67,,,
google_156608144955,158,instance_156608144955_290,1,14,100,1,0,MISC,3,158,32,,,
google_796037227562,134,instance_796037227562_17312,1,13,100,1,0,MISC,0,53,86,,,
google_39516997747,261,instance_39516997747_2673,1,6,100,1,100,P100,0,42,68,,,
google_288497448483,290,instance_288497448483_4902,1,11,200,1,0,MISC,3,357,9,,,
google_288497456405,409,instance_288497456405_10668,1,13,100,1,200,T4,0,57,19,,,
google_755686677250,232,instance_755686677250_10554,1,13,100,1,0,MISC,0,151,27,,,
google_276775255204,36,instance_276775255204_1242,1,13,200,1,200,V100,2,124,9,,,
google_327038712666,6,instance_327038712666_646,1,9,100,1,250,V100,2,442,22,,,
google_14423004927,318,instance_14423004927_736,1,8,100,1,0,MISC,1,52,79,,,
google_798583577301,188,instance_798583577301_442,1,6,100,1,0,MISC,1,113,64,,,
google_368969043652,378,instance_368969043652_3101,1,8,100,1,0,MISC,1,313,29,,,
google_755686677250,232,instance_755686677250_7734,1,10,100,1,0,MISC,4,488,29,,,
google_755686677250,232,instance_755686677250_8640,1,14,100,1,0,MISC,0,51,47,,,
google_25911621841,184,instance_25911621841_1957,1,11,100,1,0,MISC,0,73,52,,,
google_278143657170,411,instance_278143657170_412,1,11,200,1,0,MISC,1,143,22,,,
google_276430264854,13,instance_276430264854_2137,1,11,100,1,50,A100,2,292,20,,,
google_775082942380,351,instance_775082942380_20755,1,6,100,2,0,MISC,1,55,47,,,
google_128073966478,17,instance_128073966478_4516,1,6,100,1,0,MISC,3,649,62,,,
google_122697038507,312,instance_122697038507_5012,1,11,200,1,0,MISC,1,68,16,,,
google_25911621841,251,instance_25911621841_3907,1,12,100,1,0,MISC,3,459,59,,,
google_222221471174,112,instance_222221471174_272,1,9,100,1,0,MISC,0,41,17,,,
google_755686677250,232,instance_755686677250_2594,1,11,100,1,0,MISC,2,372,54,,,
google_457356859499,36,instance_457356859499_827,1,8,100,2,0,MISC,2,67,58,,,
google_324708383074,367,instance_324708383074_23822,1,12,100,1,0,MISC,1,208,48,,,
google_4143583168,30,instance_4143583168_328,1,17,100,10,0,MISC,1,159,13,,,
google_757928891474,276,instance_757928891474_5268,1,7,100,1,0,MISC,2,272,70,,,
google_300864160201,122,instance_300864160201_1289,1,14,200,1,50,T4,2,233,23,,,
google_330587204926,236,instance_330587204926_933,1,6,200,1,0,MISC,1,245,22,,,
google_308338410121,60,instance_308338410121_91,1,11,200,3,0,MISC,1,293,91,,,
google_323371584661,313,instance_323371584661_2963,1,13,100,1,0,MISC,1,86,76,,,
google_260697606809,3,instance_260697606809_1268,1,6,100,1,0,MISC,1,85,16,,,
google_315267883455,12,instance_315267883455_119,1,10,100,1,0,MISC,2,780,47,,,
google_346556401280,113,instance_346556401280_9086,1,9,400,2,0,MISC,1,133,81,,,
google_18257338312,318,instance_18257338312_962,1,10,100,1,50,V100,1,82,22,,,
google_348020181306,409,instance_348020181306_5,1,11,100,2,0,MISC,0,49,28,,,
google_14423004927,318,instance_14423004927_1021,1,9,100,1,0,MISC,1,30,65,,,
google_287955959385,342,instance_287955959385_9175,1,8,100,1,0,MISC,1,322,55,,,
google_330587225433,72,instance_330587225433_520,1,14,100,2,0,MISC,3,558,55,,,
google_14423004927,318,instance_14423004927_969,1,10,100,1,0,MISC,2,436,36,,,
google_77793008192,429,instance_77793008192_3991,1,14,100,1,0,MISC,0,128,54,,,
google_310459221367,89,instance_310459221367_1214,1,13,100,1,0,MISC,4,393,21,,,
google_221495415010,2,instance_221495415010_279,1,18,200,1,150,A100,2,426,7,,,
google_18969593914,397,instance_18969593914_1731,1,10,500,3,0,MISC,0,836,24,,,
google_128073966478,17,instance_128073966478_2853,1,11,100,1,0,MISC,1,48,53,,,
google_315267875638,23,instance_315267875638_37527,1,7,200,1,0,MISC,0,46,39,,,
google_368969043652,378,instance_368969043652_3083,1,12,100,1,0,MISC,0,274,83,,,
google_736898076766,160,instance_736898076766_358,1,10,200,1,0,MISC,2,66,11,,,
google_455072692024,171,instance_455072692024_167,1,8,200,1,0,MISC,0,56,15,,,
google_6701942356,368,instance_6701942356_0,1,11,1000,2,0,MISC,3,477,19,,,
google_212549666260,82,instance_212549666260_356,1,8,200,2,0,MISC,0,183,55,,,
google_781395587588,27,instance_781395587588_128,1,6,200,1,150,T4,1,135,14,,,
google_294544747384,291,instance_294544747384_2349,1,13,100,1,0,MISC,1,252,49,,,
google_755686677250,232,instance_755686677250_5669,1,9,100,1,0,MISC,1,243,34,,,
google_96110857594,338,instance_96110857594_5133,1,9,100,1,0,MISC,1,228,19,,,
google_773871037092,71,instance_773871037092_8858,1,6,100,1,0,MISC,1,18,39,,,
google_786792589327,218,instance_786792589327_2417,1,8,100,1,250,T4,3,245,18,,,
google_277469535958,91,instance_277469535958_709,1,11,100,1,250,V100,1,107,15,,,
google_39516992187,12,instance_39516992187_5396,1,11,100,1,250,V100,1,76,35,,,
google_116646838687,368,instance_116646838687_17,1,7,100,1,0,MISC,3,327,39,,,
google_18690433390,321,instance_18690433390_382,1,8,100,1,0,MISC,2,592,32,,,
google_452293309013,26,instance_452293309013_200,1,11,200,1,250,P100,1,283,7,,,
google_491881217730,205,instance_491881217730_279,1,11,100,1,0,MISC,1,155,91,,,
google_819601137661,356,instance_819601137661_344,1,6,200,1,0,MISC,2,231,23,,,
google_457357241199,36,instance_457357241199_1193,1,14,100,1,0,MISC,3,352,50,,,
google_273535290336,9,instance_273535290336_1665,1,7,100,1,0,MISC,1,103,65,,,
google_128073966478,17,instance_128073966478_34,1,10,100,1,0,MISC,1,28,42,,,
google_330587209928,23,instance_330587209928_1725,1,10,200,1,0,MISC,0,214,15,,,
google_383161776481,172,instance_383161776481_866,1,16,100,1,0,MISC,6,92,29,,,
google_398012347881,364,instance_398012347881_56,1,6,100,1,0,MISC,1,119,96,,,
google_500165328876,389,instance_500165328876_194,1,10,200,2,0,MISC,0,194,76,,,
google_736898076766,123,instance_736898076766_1791,1,9,200,1,0,MISC,2,204,19,,,
google_361048929605,182,instance_361048929605_2459,1,7,100,1,0,MISC,2,239,71,,,
google_25911627449,83,instance_25911627449_3684,1,9,100,1,0,MISC,1,264,85,,,
google_359738464136,343,instance_359738464136_7753,1,13,100,1,0,MISC,0,624,22,,,
google_498620479395,369,instance_498620479395_133,1,19,200,2,0,MISC,0,285,68,,,
google_758123505607,280,instance_758123505607_606,1,8,100,1,0,MISC,1,107,34,,,
google_136674897106,314,instance_136674897106_675,1,9,100,1,200,P100,2,143,41,,,
google_457358056340,37,instance_457358056340_20,1,10,100,1,250,P100,2,124,45,,,
google_346556401280,113,instance_346556401280_15699,1,10,400,2,0,MISC,0,92,69,,,
google_116646838687,368,instance_116646838687_17,1,11,100,1,0,MISC,1,59,42,,,
google_457357241199,36,instance_457357241199_1754,1,8,100,1,0,MISC,1,53,89,,,
google_800300742894,263,instance_800300742894_36266,1,11,100,1,0,MISC,3,292,34,,,
google_300849357479,65,instance_300849357479_1267,1,12,200,1,0,MISC,3,761,13,,,
google_39516992187,12,instance_39516992187_6082,1,8,100,1,100,V100,0,157,72,,,
google_157792892935,383,instance_157792892935_266,1,13,200,2,0,MISC,4,184,69,,,
google_710255342622,341,instance_710255342622_7486,1,10,100,1,0,MISC,4,353,92,,,
google_314894057720,298,instance_314894057720_2124,1,8,100,1,0,MISC,1,171,30,,,
google_281296015739,112,instance_281296015739_491,1,10,200,1,0,MISC,5,1809,17,,,
google_368922481336,372,instance_368922481336_121,1,7,100,1,0,MISC,0,285,90,,,
google_275444626052,54,instance_275444626052_5040,1,12,100,1,0,MISC,2,496,33,,,
google_236368116431,338,instance_236368116431_15331,1,12,100,1,0,MISC,1,128,73,,,
google_496921116211,346,instance_496921116211_44478,1,9,100,1,0,MISC,1,143,92,,,
google_300836006795,26,instance_300836006795_606,1,8,200,1,100,T4,3,487,13,,,
google_776471868282,375,instance_776471868282_8160,1,6,100,1,0,MISC,1,84,37,,,
google_710255342622,341,instance_710255342622_17029,1,8,100,1,0,MISC,3,988,38,,,
google_755686677250,232,instance_755686677250_10653,1,11,100,1,0,MISC,3,407,89,,,
google_358931119334,241,instance_358931119334_359,1,13,100,1,0,MISC,3,693,80,,,
google_157857385389,253,instance_157857385389_1600,1,15,300,14,0,MISC,4,374,53,,,
google_478343152042,175,instance_478343152042_1130,1,14,200,1,0,MISC,1,215,9,,,
google_234109952177,294,instance_234109952177_2250,1,12,200,1,0,MISC,2,277,64,,,
google_25911627449,65,instance_25911627449_2110,1,14,100,1,0,MISC,0,209,42,,,
google_116646838687,368,instance_116646838687_17,1,6,100,1,250,T4,0,177,47,,,
google_751510677348,85,instance_751510677348_5474,1,6,100,1,0,MISC,3,389,79,,,
google_218059363361,28,instance_218059363361_250,1,11,600,5,0,MISC,2,131,6,,,
google_737254182852,195,instance_737254182852_1562,1,13,200,1,0,MISC,1,33,7,,,
google_299950279278,22,instance_299950279278_2200,1,11,100,1,0,MISC,2,267,64,,,
google_18969797910,398,instance_18969797910_536,1,18,200,2,0,MISC,1,147,10,,,
google_499904674658,393,instance_499904674658_7134,1,13,100,1,0,MISC,1,55,60,,,
google_346556401280,113,instance_346556401280_10396,1,13,400,2,0,MISC,1,111,74,,,
google_300836006795,26,instance_300836006795_341,1,9,200,1,0,MISC,3,493,22,,,
google_202130124823,301,instance_202130124823_144,1,9,200,1,0,MISC,0,89,12,,,
google_261379492804,225,instance_261379492804_540,1,12,100,1,0,MISC,1,43,11,,,
google_128073966478,17,instance_128073966478_5255,1,9,100,1,150,V100,1,94,45,,,
google_260266651997,265,instance_260266651997_825,1,8,100,1,0,MISC,1,380,18,,,
google_56150543601,352,instance_56150543601_4674,1,15,100,1,0,MISC,1,130,72,,,
google_755686677250,232,instance_755686677250_5331,1,13,100,1,0,MISC,2,324,61,,,
google_236368116431,361,instance_236368116431_77081,1,9,100,1,0,MISC,2,264,34,,,
google_455072692024,171,instance_455072692024_1183,1,8,200,1,150,A100,1,130,22,,,
google_157857385389,253,instance_157857385389_1070,1,16,300,14,0,MISC,1,202,61,,,
google_796037227562,134,instance_796037227562_13038,1,12,100,1,0,MISC,1,498,33,,,
google_710255342622,157,instance_710255342622_827,1,9,100,1,0,MISC,0,78,62,,,
google_273535290336,9,instance_273535290336_4156,1,6,100,1,0,MISC,1,86,67,,,
google_758399796008,287,instance_758399796008_2749,1,6,200,5,0,MISC,1,78,36,,,
google_349011005158,183,instance_349011005158_1324,1,9,100,1,0,MISC,0,75,94,,,
google_381978799502,130,instance_381978799502_4019,1,12,100,1,0,MISC,0,102,25,,,
google_240053269538,401,instance_240053269538_2390,1,14,100,1,0,MISC,2,187,95,,,
google_116646838687,368,instance_116646838687_17,1,8,100,1,0,MISC,3,325,47,,,
google_500995757102,411,instance_500995757102_24923,1,8,100,1,0,MISC,1,69,75,,,
google_348020181306,409,instance_348020181306_5,1,10,100,2,0,MISC,1,124,36,,,
google_458397592484,44,instance_458397592484_33595,1,9,200,2,0,MISC,1,107,84,,,
google_4741149103,361,instance_4741149103_4396,1,9,100,1,0,MISC,1,184,28,,,
google_19727789660,356,instance_19727789660_1146,1,16,1000,2,200,T4,2,293,7,,,
google_755369144062,235,instance_755369144062_6902,1,7,100,2,0,MISC,1,54,41,,,
google_60601275779,90,instance_60601275779_17,1,6,500,3,0,MISC,3,465,18,,,
google_330587204926,236,instance_330587204926_2391,1,10,200,1,0,MISC,2,324,14,,,
google_280864921119,312,instance_280864921119_247,1,7,200,1,0,MISC,2,129,19,,,
google_219041097654,10,instance_219041097654_141,1,15,400,1,0,MISC,1,119,48,,,
google_18257342434,175,instance_18257342434_744,1,9,100,1,50,A100,1,146,9,,,
google_499904674658,393,instance_499904674658_835,1,10,100,1,0,MISC,0,84,82,,,
google_710255342622,341,instance_710255342622_10008,1,10,100,1,0,MISC,5,182,62,,,
google_276591425608,17,instance_276591425608_42,1,8,200,1,0,MISC,1,199,21,,,
google_261356905709,398,instance_261356905709_422,1,6,100,1,0,MISC,0,97,16,,,
google_455230211482,11,instance_455230211482_1331,1,12,100,1,0,MISC,0,166,51,,,
google_284637788259,173,instance_284637788259_481,1,9,100,1,0,MISC,1,128,62,,,
google_500165328876,389,instance_500165328876_172,1,6,200,2,0,MISC,0,57,41,,,
google_758377031088,287,instance_758377031088_515,1,7,100,2,0,MISC,1,92,93,,,
google_260725669813,89,instance_260725669813_1065,1,12,100,1,0,MISC,1,49,11,,,
google_758040915170,278,instance_758040915170_3983,1,9,100,1,0,MISC,3,367,69,,,
google_374675917215,68,instance_374675917215_6179,1,11,100,1,0,MISC,2,166,90,,,
google_332929855732,26,instance_332929855732_159,1,8,300,2,0,MISC,4,626,87,,,
google_156922393102,161,instance_156922393102_641,1,14,1400,10,150,T4,0,110,22,,,
google_116646838687,368,instance_116646838687_17,1,10,100,1,0,MISC,1,56,37,,,
google_455230211482,11,instance_455230211482_1092,1,6,100,1,0,MISC,5,1556,48,,,
google_261561497815,1,instance_261561497815_155,1,11,200,1,0,MISC,3,142,9,,,
google_294544747384,291,instance_294544747384_4526,1,12,100,1,0,MISC,1,114,42,,,
google_236368116431,361,instance_236368116431_29573,1,11,100,1,0,MISC,1,149,70,,,
google_236368116431,361,instance_236368116431_29859,1,9,100,1,0,MISC,0,184,86,,,
google_12983065531,61,instance_12983065531_799,1,6,500,1,0,MISC,3,228,55,,,
google_348547152567,172,instance_348547152567_442,1,12,200,1,0,MISC,1,96,20,,,
google_798583577301,188,instance_798583577301_440,1,13,100,1,0,MISC,1,129,65,,,
google_221495463014,315,instance_221495463014_1000,1,10,100,1,250,P100,4,353,11,,,
google_795359022771,118,instance_795359022771_643,1,7,100,1,0,MISC,1,94,89,,,
google_323069215263,278,instance_323069215263_511,1,14,300,1,0,MISC,1,97,56,,,
google_710255342622,157,instance_710255342622_11808,1,7,100,1,0,MISC,3,347,87,,,
google_239426558902,383,instance_239426558902_5084,1,10,200,1,0,MISC,1,45,88,,,
google_6701942356,368,instance_6701942356_0,1,12,1000,2,250,P100,0,51,8,,,
google_328029965942,411,instance_328029965942_82787,1,12,100,1,0,MISC,3,413,30,,,
google_14423004927,318,instance_14423004927_969,1,12,100,1,0,MISC,1,176,36,,,
google_236368116431,338,instance_236368116431_114807,1,8,100,1,0,MISC,1,52,40,,,
google_114466593044,261,instance_114466593044_1721,1,7,100,1,0,MISC,2,88,47,,,
google_315268991185,62,instance_315268991185_3339,1,15,100,1,0,MISC,2,157,32,,,
google_157857385389,253,instance_157857385389_1720,1,11,300,14,0,MISC,1,201,90,,,
google_94591244395,43,instance_94591244395_403,1,11,200,2,0,MISC,5,449,20,,,
google_358931119334,241,instance_358931119334_3115,1,7,100,1,0,MISC,2,125,40,,,
google_236368116431,361,instance_236368116431_111716,1,12,100,1,0,MISC,2,153,72,,,
google_798623402880,188,instance_798623402880_1629,1,8,100,1,200,T4,2,177,18,,,
google_793077145663,152,instance_793077145663_6990,1,12,100,2,0,MISC,3,1124,46,,,
google_261379492804,225,instance_261379492804_301,1,8,100,1,0,MISC,1,779,10,,,
google_330587238433,316,instance_330587238433_1818,1,14,200,1,0,MISC,4,1638,20,,,
google_357875357734,286,instance_357875357734_1567,1,11,100,1,0,MISC,3,480,41,,,
google_157857385389,426,instance_157857385389_2793,1,11,300,14,50,T4,1,99,57,,,
google_315267875638,30,instance_315267875638_86516,1,13,200,1,0,MISC,3,300,24,,,
google_781075805028,32,instance_781075805028_1350,1,8,200,1,0,MISC,2,204,15,,,
google_315267883455,12,instance_315267883455_119,1,14,100,1,0,MISC,2,347,50,,,
google_500459624427,395,instance_500459624427_3570,1,12,100,1,0,MISC,1,307,27,,,
google_300849357479,65,instance_300849357479_51,1,11,200,1,100,A100,1,51,21,,,
google_395924141202,331,instance_395924141202_37,1,10,600,4,0,MISC,2,107,86,,,
google_330587204926,236,instance_330587204926_1431,1,9,200,1,0,MISC,1,185,6,,,
google_116646838687,368,instance_116646838687_17,1,6,100,1,0,MISC,2,212,14,,,
google_276430264854,13,instance_276430264854_331,1,10,100,1,0,MISC,0,126,14,,,
google_122697038507,312,instance_122697038507_1191,1,7,200,1,0,MISC,1,151,26,,,
google_276591423103,4,instance_276591423103_1024,1,12,100,1,0,MISC,2,585,10,,,
google_769360049974,1,instance_769360049974_29,1,9,200,1,200,T4,2,124,24,,,
google_564755675618,148,instance_564755675618_2129,1,8,100,1,0,MISC,1,97,21,,,
google_457357241199,36,instance_457357241199_176,1,8,100,2,250,T4,0,106,96,,,
google_741703031188,51,instance_741703031188_0,1,11,200,1,0,MISC,3,1051,20,,,
google_784488673642,215,instance_784488673642_12656,1,7,100,2,200,T4,1,75,72,,,
google_116646838687,368,instance_116646838687_17,1,8,100,1,150,A100,0,170,43,,,
google_478343152042,175,instance_478343152042_174,1,13,200,1,0,MISC,0,308,10,,,
google_128073966478,17,instance_128073966478_280,1,6,100,1,0,MISC,0,77,64,,,
google_478343152042,175,instance_478343152042_400,1,16,200,1,200,V100,2,392,19,,,
google_235701445271,284,instance_235701445271_5,1,7,200,1,0,MISC,5,369,56,,,
google_12983065531,61,instance_12983065531_340,1,8,500,1,150,P100,1,76,89,,,
google_357875317546,251,instance_357875317546_28427,1,8,100,1,0,MISC,3,409,96,,,
google_36195151947,106,instance_36195151947_2722,1,12,100,1,0,MISC,2,90,43,,,
google_212549661125,42,instance_212549661125_101,1,15,100,1,0,MISC,1,74,95,,,
google_128057656797,169,instance_128057656797_7,1,13,100,1,0,MISC,3,112,24,,,
google_313663173051,178,instance_313663173051_533,1,6,200,1,0,MISC,1,112,14,,,
google_499904674658,393,instance_499904674658_2430,1,11,100,1,0,MISC,4,224,54,,,
google_796037227562,134,instance_796037227562_19252,1,10,100,1,0,MISC,1,370,56,,,
google_4675195369,128,instance_4675195369_288,1,12,600,6,0,MISC,2,715,47,,,
google_359021574575,246,instance_359021574575_397,1,9,300,1,150,A100,1,72,94,,,
google_14425625,199,instance_14425625_32,1,15,100,1,200,T4,2,101,9,,,
google_452293309013,26,instance_452293309013_411,1,18,200,1,0,MISC,3,336,21,,,
google_399085537702,388,instance_399085537702_155,1,17,100,4,0,MISC,0,83,61,,,
google_288497456405,409,instance_288497456405_1180,1,9,100,1,0,MISC,2,41,21,,,
google_737327470532,68,instance_737327470532_16860,1,6,100,2,0,MISC,1,432,58,,,
google_795359022771,118,instance_795359022771_361,1,10,100,1,0,MISC,3,225,91,,,
google_710255342622,157,instance_710255342622_11034,1,10,100,1,0,MISC,2,312,58,,,
google_156922393102,161,instance_156922393102_278,1,15,1400,10,0,MISC,2,533,19,,,
google_458141831274,54,instance_458141831274_6978,1,8,100,1,0,MISC,4,210,25,,,
google_756249922741,77,instance_756249922741_2,1,13,100,1,0,MISC,2,214,13,,,
google_326995662958,399,instance_326995662958_63723,1,13,100,1,0,MISC,1,141,24,,,
google_322066611026,236,instance_322066611026_543,1,11,300,1,0,MISC,2,112,28,,,
google_497733596373,319,instance_497733596373_1281,1,12,200,1,0,MISC,4,102,32,,,
google_122697038507,312,instance_122697038507_5012,1,13,200,1,250,P100,0,107,28,,,
google_296955145756,330,instance_296955145756_803,1,9,100,1,0,MISC,2,103,6,,,
google_39516992187,12,instance_39516992187_1045,1,6,100,1,0,MISC,1,219,85,,,
google_116646838687,368,instance_116646838687_17,1,10,100,1,100,A100,2,75,14,,,
google_779360441148,405,instance_779360441148_10727,1,7,100,1,0,MISC,2,256,82,,,
google_277469535958,91,instance_277469535958_240,1,12,100,1,0,MISC,2,554,14,,,
google_330587225433,72,instance_330587225433_1425,1,7,100,2,0,MISC,2,790,33,,,
google_455746863501,26,instance_455746863501_1778,1,11,100,1,0,MISC,5,673,26,,,
google_198451272245,49,instance_198451272245_219,1,11,100,2,200,T4,0,348,24,,,
google_324708383074,367,instance_324708383074_41038,1,13,100,1,0,MISC,3,313,60,,,
google_261379492804,225,instance_261379492804_26,1,6,100,1,0,MISC,2,255,13,,,
google_116646838687,368,instance_116646838687_17,1,6,100,1,200,V100,1,120,15,,,
google_453266172150,10,instance_453266172150_2712,1,11,200,1,0,MISC,1,64,24,,,
google_457357020339,36,instance_457357020339_246,1,12,100,2,0,MISC,0,158,69,,,
google_823800290622,397,instance_823800290622_2353,1,15,100,25,0,MISC,3,294,91,,,
google_261561502817,130,instance_261561502817_726,1,10,200,1,150,V100,0,118,11,,,
google_747887147947,134,instance_747887147947_1910,1,15,100,1,0,MISC,6,1172,66,,,
google_796037227562,134,instance_796037227562_4418,1,14,100,1,0,MISC,2,321,45,,,
google_211791292567,58,instance_211791292567_13,1,9,700,1,0,MISC,3,318,38,,,
google_781075805028,32,instance_781075805028_167,1,14,100,1,0,MISC,4,1128,15,,,
google_315267875638,30,instance_315267875638_16901,1,8,200,1,0,MISC,1,97,80,,,
google_96110849886,0,instance_96110849886_2623,1,7,100,2,0,MISC,2,140,42,,,
google_374570755765,383,instance_374570755765_1389,1,12,100,1,0,MISC,1,141,39,,,
google_260725669813,3,instance_260725669813_112,1,8,100,1,0,MISC,2,797,17,,,
google_39516992187,12,instance_39516992187_11865,1,7,100,1,0,MISC,0,177,40,,,
google_501576371913,405,instance_501576371913_27,1,11,200,1,0,MISC,2,174,57,,,
google_147074738457,394,instance_147074738457_3002,1,12,100,1,0,MISC,1,83,47,,,
google_4842523786,51,instance_4842523786_900,1,9,200,1,0,MISC,0,375,18,,,
google_128073966478,17,instance_128073966478_4842,1,10,100,1,0,MISC,3,753,66,,,
google_764746460206,347,instance_764746460206_2134,1,10,100,1,0,MISC,2,203,37,,,
google_274572170568,109,instance_274572170568_1773,1,6,100,1,250,A100,0,82,18,,,
google_276775255204,36,instance_276775255204_1229,1,8,200,1,0,MISC,2,382,23,,,
google_793077145663,152,instance_793077145663_11459,1,7,100,2,0,MISC,1,55,17,,,
google_379491243491,72,instance_379491243491_9364,1,8,100,1,0,MISC,1,94,58,,,
google_358270805957,217,instance_358270805957_69,1,13,1300,11,0,MISC,2,565,40,,,
google_18969593914,397,instance_18969593914_1557,1,6,500,3,0,MISC,1,86,23,,,
google_756249922741,77,instance_756249922741_1,1,8,100,1,0,MISC,1,41,23,,,
google_21299367638,431,instance_21299367638_500,1,10,500,1,100,A100,1,23,75,,,
google_382097962345,134,instance_382097962345_878,1,6,100,1,0,MISC,1,178,45,,,
google_285748470971,262,instance_285748470971_1411,1,12,100,1,0,MISC,2,86,28,,,
google_93247928673,263,instance_93247928673_1425,1,13,300,2,0,MISC,0,97,16,,,
google_122697038507,312,instance_122697038507_1990,1,10,200,1,150,P100,2,117,30,,,
google_796037227562,134,instance_796037227562_3214,1,6,100,1,0,MISC,0,174,50,,,
google_145247935279,363,instance_145247935279_2906,1,13,100,1,0,MISC,2,221,21,,,
google_234320513830,218,instance_234320513830_68,1,6,400,1,0,MISC,1,80,55,,,
google_458451699467,68,instance_458451699467_1151,1,10,100,1,200,P100,0,113,89,,,
google_758399796008,287,instance_758399796008_15503,1,9,200,5,0,MISC,1,76,54,,,
google_281296015739,112,instance_281296015739_381,1,16,200,1,100,T4,3,544,21,,,
google_457357020339,36,instance_457357020339_2958,1,12,100,1,0,MISC,3,296,75,,,
google_11501329772,90,instance_11501329772_1942,1,7,100,1,0,MISC,1,34,19,,,
google_796037227562,134,instance_796037227562_23690,1,12,100,1,0,MISC,3,352,28,,,
google_382742275354,155,instance_382742275354_19,1,12,100,1,0,MISC,5,2337,56,,,
google_4741149133,209,instance_4741149133_2731,1,16,100,1,0,MISC,0,80,37,,,
google_128073966478,17,instance_128073966478_3472,1,10,100,1,0,MISC,1,54,24,,,
google_14423004927,318,instance_14423004927_3710,1,6,100,1,0,MISC,2,290,81,,,
google_362996470488,366,instance_362996470488_315,1,7,100,1,50,A100,2,311,10,,,
google_122697038507,312,instance_122697038507_1191,1,7,200,1,0,MISC,1,73,35,,,
google_497914629584,326,instance_497914629584_4687,1,8,100,1,0,MISC,0,101,53,,,
google_755686677250,232,instance_755686677250_5933,1,6,100,1,0,MISC,0,82,44,,,
google_77793008192,429,instance_77793008192_4595,1,6,100,1,0,MISC,0,230,82,,,
google_236368116431,361,instance_236368116431_17049,1,11,100,1,0,MISC,0,53,82,,,
google_455230211482,11,instance_455230211482_2279,1,13,100,1,0,MISC,1,58,61,,,
google_758998120694,294,instance_758998120694_3843,1,11,100,1,0,MISC,1,78,38,,,
google_795359022771,118,instance_795359022771_2045,1,12,100,1,0,MISC,0,95,83,,,
google_756249922741,77,instance_756249922741_1,1,15,100,1,0,MISC,3,255,10,,,
google_221495648196,1,instance_221495648196_1131,1,17,100,1,100,V100,1,68,13,,,
google_285748470971,262,instance_285748470971_1547,1,10,100,1,0,MISC,1,312,55,,,
google_14423004927,318,instance_14423004927_96,1,13,100,1,0,MISC,3,1017,25,,,
google_157857385389,253,instance_157857385389_710,1,9,300,14,0,MISC,4,605,35,,,
google_308411613220,74,instance_308411613220_6564,1,11,100,1,0,MISC,0,150,69,,,
google_781075802527,131,instance_781075802527_408,1,12,100,1,0,MISC,2,192,8,,,
google_125061337368,2,instance_125061337368_91,1,8,400,2,200,T4,1,809,19,,,
google_382097962345,134,instance_382097962345_689,1,8,100,1,0,MISC,2,301,17,,,
google_14423004927,318,instance_14423004927_1067,1,9,100,1,0,MISC,0,106,35,,,
google_348792154279,99,instance_348792154279_4333,1,6,100,1,0,MISC,3,50,69,,,
google_357875322573,290,instance_357875322573_14090,1,15,100,1,0,MISC,0,172,75,,,
google_346787354426,130,instance_346787354426_8429,1,8,100,1,150,A100,2,311,39,,,
google_399482782874,398,instance_399482782874_1583,1,10,100,1,0,MISC,1,98,40,,,
google_796037227562,134,instance_796037227562_9279,1,14,100,1,0,MISC,1,53,73,,,
google_764746460206,347,instance_764746460206_13468,1,10,100,1,0,MISC,2,137,89,,,
google_39516992187,12,instance_39516992187_3625,1,9,100,1,250,A100,1,211,77,,,
google_128073966478,68,instance_128073966478_1443,1,12,100,1,200,T4,2,302,85,,,
google_498345751517,348,instance_498345751517_67,1,11,100,2,0,MISC,1,233,29,,,
google_299950238673,79,instance_299950238673_1382,1,13,100,1,0,MISC,2,671,42,,,
google_758205817546,343,instance_758205817546_82,1,9,100,4,0,MISC,0,213,45,,,
google_151749212030,30,instance_151749212030_262,1,8,100,1,0,MISC,0,117,35,,,
google_382097962345,134,instance_382097962345_83,1,8,100,1,0,MISC,1,100,39,,,
google_116646838687,368,instance_116646838687_17,1,8,100,1,0,MISC,1,34,31,,,
google_757993223888,277,instance_757993223888_1939,1,8,100,1,0,MISC,1,123,80,,,
google_296802191112,399,instance_296802191112_1277,1,15,100,1,0,MISC,4,281,9,,,
google_454520770906,18,instance_454520770906_1637,1,7,200,1,0,MISC,1,129,51,,,
google_781395587588,108,instance_781395587588_125,1,6,200,1,50,A100,0,148,18,,,
google_315268949986,23,instance_315268949986_1887,1,11,100,1,0,MISC,0,99,81,,,
google_348547152567,172,instance_348547152567_16,1,6,200,1,0,MISC,1,165,15,,,
google_798623402880,188,instance_798623402880_2298,1,15,100,1,0,MISC,0,18,24,,,
google_236368116431,338,instance_236368116431_44216,1,10,100,1,0,MISC,3,258,41,,,
google_784956094732,117,instance_784956094732_16,1,13,200,1,0,MISC,4,1117,10,,,
google_784956094732,117,instance_784956094732_1268,1,6,100,1,0,MISC,0,176,6,,,
google_294544747384,291,instance_294544747384_7591,1,6,100,1,50,A100,2,148,62,,,
google_288497448483,290,instance_288497448483_11491,1,10,100,2,0,MISC,1,204,17,,,
google_286009849055,397,instance_286009849055_3409,1,9,400,1,0,MISC,2,1160,23,,,
google_14423004927,318,instance_14423004927_1690,1,11,100,1,0,MISC,0,141,69,,,
google_128073966478,17,instance_128073966478_280,1,7,100,1,0,MISC,1,56,39,,,
google_157857385389,253,instance_157857385389_1642,1,14,300,14,0,MISC,2,492,31,,,
google_261560076269,208,instance_261560076269_305,1,8,100,1,0,MISC,1,53,13,,,
google_39516992187,364,instance_39516992187_677,1,12,100,1,0,MISC,2,532,81,,,
google_368969043652,378,instance_368969043652_3679,1,15,100,1,0,MISC,1,286,50,,,
google_793077145663,152,instance_793077145663_1559,1,9,100,2,50,A100,0,131,30,,,
google_737254190047,47,instance_737254190047_1005,1,13,200,1,0,MISC,2,503,15,,,
google_755686677250,232,instance_755686677250_9836,1,14,100,1,0,MISC,0,51,54,,,
google_285720586621,219,instance_285720586621_282,1,15,100,7,150,V100,2,290,75,,,
google_326995662958,399,instance_326995662958_55491,1,6,100,1,0,MISC,0,65,80,,,
google_236368116431,361,instance_236368116431_89270,1,7,100,1,0,MISC,1,97,38,,,
google_203075380957,68,instance_203075380957_189,1,15,1100,2,0,MISC,0,57,9,,,
google_799906496464,203,instance_799906496464_2450,1,8,100,1,0,MISC,2,152,41,,,
google_128073966478,17,instance_128073966478_1607,1,8,100,1,0,MISC,1,192,64,,,
google_755686677250,232,instance_755686677250_6430,1,13,100,1,0,MISC,3,188,84,,,
google_739764447576,36,instance_739764447576_431,1,13,100,20,0,MISC,0,210,33,,,
google_288497448483,290,instance_288497448483_9242,1,8,200,1,100,T4,2,621,12,,,
google_77793016507,372,instance_77793016507_2657,1,12,100,1,100,P100,3,415,53,,,
google_294544747384,291,instance_294544747384_9595,1,10,100,1,0,MISC,3,444,47,,,
google_755686677250,232,instance_755686677250_10983,1,11,100,1,0,MISC,4,1975,55,,,
google_784488673642,215,instance_784488673642_10004,1,13,100,2,0,MISC,3,336,82,,,
google_4741149103,361,instance_4741149103_6629,1,7,100,1,0,MISC,1,146,31,,,
google_796037227562,134,instance_796037227562_31279,1,13,100,1,50,V100,2,137,28,,,
google_799172324630,181,instance_799172324630_128,1,6,100,1,0,MISC,2,211,71,,,
google_236368116431,338,instance_236368116431_32171,1,11,100,1,0,MISC,3,348,86,,,
google_4741149103,361,instance_4741149103_1843,1,12,100,1,200,P100,2,116,29,,,
google_116646838687,368,instance_116646838687_17,1,12,100,1,0,MISC,4,381,25,,,
google_764752541670,302,instance_764752541670_642,1,13,100,1,0,MISC,3,591,34,,,
google_756176103831,241,instance_756176103831_455,1,10,100,1,0,MISC,4,548,72,,,
google_798929584346,410,instance_798929584346_8,1,13,100,1,0,MISC,0,34,14,,,
google_491881218800,205,instance_491881218800_868,1,12,100,2,150,T4,2,241,64,,,
google_368969043652,378,instance_368969043652_1847,1,9,100,1,0,MISC,2,313,62,,,
google_116646838687,368,instance_116646838687_17,1,7,100,1,0,MISC,0,387,48,,,
google_359911447365,372,instance_359911447365_842,1,7,300,4,0,MISC,2,410,21,,,
google_758263544732,283,instance_758263544732_4777,1,8,100,1,0,MISC,1,378,61,,,
google_368631056173,354,instance_368631056173_1778,1,11,300,3,0,MISC,2,149,43,,,
google_277046179944,179,instance_277046179944_255,1,10,200,1,150,V100,2,339,22,,,
google_815322757780,321,instance_815322757780_36655,1,12,100,1,0,MISC,1,33,28,,,
google_77793016507,372,instance_77793016507_4496,1,6,100,2,0,MISC,2,256,30,,,
google_348547152567,172,instance_348547152567_621,1,11,200,1,0,MISC,1,102,9,,,
google_122697038507,312,instance_122697038507_5012,1,6,200,1,0,MISC,0,179,46,,,
google_237608136494,316,instance_237608136494_31,1,8,100,1,0,MISC,2,269,12,,,
google_361048929605,30,instance_361048929605_1563,1,14,100,1,0,MISC,2,193,74,,,
google_314894058074,251,instance_314894058074_10164,1,6,200,1,0,MISC,1,62,36,,,
google_814963931481,287,instance_814963931481_129,1,6,100,1,0,MISC,4,498,44,,,
google_234368706062,225,instance_234368706062_155,1,10,100,1,0,MISC,1,159,78,,,
google_368969043652,378,instance_368969043652_1592,1,9,100,1,0,MISC,0,183,90,,,
google_207788706148,330,instance_207788706148_258,1,11,500,3,0,MISC,1,74,6,,,
google_315267883348,15,instance_315267883348_1119,1,13,100,1,0,MISC,1,182,39,,,
google_221495446263,146,instance_221495446263_338,1,10,200,1,0,MISC,1,89,20,,,
google_326995662958,399,instance_326995662958_48535,1,14,100,1,0,MISC,0,65,87,,,
google_302935146210,10,instance_302935146210_405,1,15,400,1,0,MISC,1,165,8,,,
google_39516992187,12,instance_39516992187_2350,1,9,100,1,0,MISC,6,878,45,,,
google_260697606809,3,instance_260697606809_508,1,17,100,1,0,MISC,2,242,12,,,
google_34042849383,30,instance_34042849383_19,1,8,100,1,0,MISC,2,1180,33,,,
google_359021574575,246,instance_359021574575_708,1,8,300,1,0,MISC,4,706,54,,,
google_203075380957,68,instance_203075380957_15,1,12,1100,2,0,MISC,1,237,13,,,
google_236368116431,338,instance_236368116431_39481,1,6,100,1,0,MISC,1,73,36,,,
google_411913993263,210,instance_411913993263_648,1,10,100,1,0,MISC,0,128,33,,,
google_260725669813,3,instance_260725669813_112,1,13,100,1,100,V100,3,76,6,,,
google_122697038507,312,instance_122697038507_5271,1,8,200,1,150,A100,0,87,34,,,
google_497097336736,292,instance_497097336736_8405,1,8,100,1,0,MISC,1,34,61,,,
google_98503493366,382,instance_98503493366_2951,1,12,200,3,0,MISC,1,34,12,,,
google_294544747384,291,instance_294544747384_6638,1,7,100,1,0,MISC,1,44,76,,,
google_299950268040,24,instance_299950268040_3682,1,10,100,1,0,MISC,1,105,80,,,
google_35039732574,282,instance_35039732574_804,1,14,100,1,0,MISC,3,572,28,,,
google_757792637514,274,instance_757792637514_5479,1,10,100,1,0,MISC,4,159,58,,,
google_398012347881,364,instance_398012347881_1126,1,12,100,1,0,MISC,0,117,35,,,
google_383161776481,172,instance_383161776481_1337,1,11,100,1,0,MISC,2,313,31,,,
google_128073966478,17,instance_128073966478_2330,1,10,100,1,100,V100,1,240,67,,,
google_821093596435,369,instance_821093596435_402,1,8,200,1,0,MISC,1,168,17,,,
google_382938982043,164,instance_382938982043_669,1,6,100,1,0,MISC,1,146,36,,,
google_212549596499,52,instance_212549596499_1198,1,9,200,1,0,MISC,1,68,49,,,
google_2399970864,291,instance_2399970864_3904,1,13,100,1,0,MISC,6,726,17,,,
google_499505955293,380,instance_499505955293_3597,1,8,100,1,0,MISC,4,457,71,,,
google_738815994122,23,instance_738815994122_0,1,12,100,1,0,MISC,2,582,75,,,
google_500165328876,389,instance_500165328876_311,1,11,200,2,0,MISC,2,361,24,,,
google_10445022593,62,instance_10445022593_2444,1,16,100,1,150,V100,3,808,11,,,
google_39516992187,12,instance_39516992187_7397,1,12,100,1,0,MISC,3,275,89,,,
google_823800290622,397,instance_823800290622_1008,1,11,100,25,0,MISC,0,272,70,,,
google_221495509609,303,instance_221495509609_976,1,14,200,1,0,MISC,1,150,17,,,
google_457356859499,36,instance_457356859499_4611,1,11,100,1,0,MISC,5,968,85,,,
google_8798666445,430,instance_8798666445_523,1,6,100,1,0,MISC,1,167,8,,,
google_457356859499,36,instance_457356859499_3259,1,11,100,1,0,MISC,0,198,61,,,
google_751510677348,85,instance_751510677348_2631,1,12,100,1,0,MISC,1,129,82,,,
google_157857385389,253,instance_157857385389_599,1,14,300,14,0,MISC,2,1088,35,,,
google_784488673642,215,instance_784488673642_19840,1,11,100,2,100,V100,2,247,64,,,
google_128073972032,412,instance_128073972032_449,1,8,100,1,0,MISC,1,57,71,,,
google_788034524199,87,instance_788034524199_1323,1,11,100,3,0,MISC,3,336,85,,,
google_294544747384,291,instance_294544747384_7608,1,9,100,1,0,MISC,0,113,81,,,
google_348547147297,189,instance_348547147297_719,1,8,200,1,150,P100,1,94,23,,,
google_294544747384,291,instance_294544747384_8908,1,14,100,1,0,MISC,1,51,85,,,
google_755686677250,232,instance_755686677250_6290,1,8,100,1,0,MISC,3,625,49,,,
google_314894065339,244,instance_314894065339_9376,1,12,200,1,0,MISC,0,23,92,,,
google_260725669813,188,instance_260725669813_263,1,12,100,1,0,MISC,2,259,12,,,
google_754423373544,233,instance_754423373544_1005,1,11,100,1,0,MISC,0,178,39,,,
google_156608142553,233,instance_156608142553_290,1,6,100,1,0,MISC,0,61,37,,,
google_12983065531,61,instance_12983065531_1045,1,6,500,2,0,MISC,0,376,88,,,
google_498620479395,369,instance_498620479395_346,1,13,200,2,200,V100,3,439,47,,,
google_357875359731,268,instance_357875359731_10277,1,6,100,1,0,MISC,4,761,36,,,
google_4741149133,209,instance_4741149133_5897,1,7,100,1,0,MISC,3,411,42,,,
google_294544747384,291,instance_294544747384_4647,1,7,100,1,0,MISC,0,145,85,,,
google_348020181306,409,instance_348020181306_5,1,11,100,2,150,V100,0,37,34,,,
google_755686677250,232,instance_755686677250_6115,1,12,100,1,0,MISC,1,220,59,,,
google_381978799502,130,instance_381978799502_9871,1,6,100,1,0,MISC,0,211,38,,,
google_498162499561,344,instance_498162499561_13,1,6,300,2,0,MISC,2,90,70,,,
google_4741149103,361,instance_4741149103_6605,1,6,100,1,250,V100,1,206,22,,,
google_39516992187,12,instance_39516992187_13218,1,13,100,1,0,MISC,3,395,66,,,
google_394549186960,335,instance_394549186960_1589,1,15,100,1,200,V100,2,298,73,,,
google_328029965942,411,instance_328029965942_16489,1,9,100,1,0,MISC,1,128,95,,,
google_276775255204,36,instance_276775255204_308,1,11,200,1,200,P100,3,208,15,,,
google_128057644246,12,instance_128057644246_169,1,9,100,1,0,MISC,1,228,32,,,
google_236368116431,338,instance_236368116431_28597,1,8,100,1,0,MISC,0,711,45,,,
google_376863375062,82,instance_376863375062_103,1,7,100,1,0,MISC,0,191,40,,,
google_455230211482,11,instance_455230211482_275,1,11,100,1,0,MISC,1,23,54,,,
google_756249922741,77,instance_756249922741_0,1,11,100,1,250,A100,2,113,7,,,
google_796037227562,134,instance_796037227562_24309,1,7,100,1,0,MISC,1,318,42,,,
google_357875317546,251,instance_357875317546_27122,1,12,100,1,0,MISC,1,94,72,,,
google_796037227562,134,instance_796037227562_22022,1,12,100,1,0,MISC,2,553,88,,,
google_493754673413,308,instance_493754673413_139,1,6,200,1,50,P100,0,173,20,,,
google_455905931837,19,instance_455905931837_1880,1,6,100,1,0,MISC,2,243,29,,,
google_751510677348,85,instance_751510677348_4439,1,8,100,1,0,MISC,0,154,40,,,
google_783306677680,89,instance_783306677680_1998,1,8,200,1,0,MISC,3,243,12,,,
google_788034524199,87,instance_788034524199_1763,1,9,100,3,0,MISC,1,53,87,,,
google_495154485825,304,instance_495154485825_2437,1,16,200,2,0,MISC,1,116,92,,,
google_384650875475,307,instance_384650875475_351,1,6,100,1,0,MISC,0,267,96,,,
google_21861562614,345,instance_21861562614_703,1,8,100,1,0,MISC,1,471,8,,,
google_278143657170,287,instance_278143657170_2393,1,11,200,1,0,MISC,3,269,19,,,
google_128057573531,55,instance_128057573531_311,1,8,200,1,0,MISC,2,689,14,,,
google_93247928673,159,instance_93247928673_9968,1,8,300,2,200,T4,3,280,14,,,
google_748379380280,16,instance_748379380280_1092,1,8,200,2,0,MISC,1,91,43,,,
google_325156855100,334,instance_325156855100_350,1,10,400,5,150,A100,2,186,87,,,
google_346556401280,113,instance_346556401280_14514,1,7,400,2,0,MISC,1,74,62,,,
google_710255342622,157,instance_710255342622_18958,1,12,100,1,0,MISC,2,2307,24,,,
google_96110857594,338,instance_96110857594_5544,1,8,100,1,0,MISC,1,113,18,,,
google_795176758467,105,instance_795176758467_1491,1,18,200,2,50,P100,2,258,24,,,
google_380756887859,93,instance_380756887859_1739,1,10,100,1,0,MISC,0,85,30,,,
google_380756887859,93,instance_380756887859_1141,1,10,100,1,0,MISC,0,69,47,,,
google_738062440837,177,instance_738062440837_1021,1,10,200,1,0,MISC,3,228,15,,,
google_745050350030,83,instance_745050350030_0,1,12,100,2,0,MISC,1,389,26,,,
google_128057651209,43,instance_128057651209_1218,1,10,100,1,0,MISC,2,180,26,,,
google_281671800960,279,instance_281671800960_1913,1,10,200,1,100,T4,1,124,24,,,
google_755686677250,232,instance_755686677250_1349,1,10,100,1,0,MISC,1,53,50,,,
google_332929855732,26,instance_332929855732_145,1,8,300,2,0,MISC,4,255,26,,,
google_495154485825,290,instance_495154485825_7966,1,9,200,2,0,MISC,1,113,59,,,
google_737254182852,297,instance_737254182852_1647,1,7,200,1,200,P100,1,318,7,,,
google_816681161120,319,instance_816681161120_201,1,8,100,1,0,MISC,1,70,73,,,
google_4741149133,40,instance_4741149133_317,1,7,100,1,0,MISC,2,250,32,,,
google_499904674658,393,instance_499904674658_1141,1,15,100,1,0,MISC,4,267,47,,,
google_4143581522,319,instance_4143581522_5852,1,7,200,2,0,MISC,1,73,8,,,
google_220119960367,156,instance_220119960367_18,1,10,100,1,100,V100,4,247,15,,,
google_128073966478,17,instance_128073966478_2202,1,6,100,1,0,MISC,1,112,93,,,
google_128073972032,412,instance_128073972032_340,1,13,100,1,0,MISC,0,121,51,,,
google_17995776132,183,instance_17995776132_882,1,16,1000,8,0,MISC,3,816,7,,,
google_795458820165,205,instance_795458820165_401,1,11,100,1,0,MISC,3,404,14,,,
google_275444479605,27,instance_275444479605_4299,1,6,100,1,0,MISC,2,172,74,,,
google_324708383074,367,instance_324708383074_4158,1,7,100,1,0,MISC,0,132,77,,,
google_288497456405,409,instance_288497456405_6063,1,7,100,1,0,MISC,3,285,15,,,
google_498162499561,344,instance_498162499561_66,1,12,100,1,50,A100,1,700,38,,,
google_294470514509,215,instance_294470514509_437,1,9,600,2,0,MISC,0,143,13,,,
google_128073966478,17,instance_128073966478_917,1,8,100,1,200,P100,1,60,50,,,
google_280991165603,406,instance_280991165603_579,1,7,200,1,0,MISC,2,77,20,,,
google_42193077352,148,instance_42193077352_3151,1,8,100,1,0,MISC,2,108,17,,,
google_128073966478,17,instance_128073966478_5255,1,12,100,1,0,MISC,3,241,71,,,
google_348743364344,187,instance_348743364344_241,1,10,200,1,0,MISC,2,140,10,,,
google_39516992187,12,instance_39516992187_1665,1,12,100,1,0,MISC,1,199,96,,,
google_795359022771,118,instance_795359022771_361,1,6,100,1,0,MISC,1,88,80,,,
google_145249314104,214,instance_145249314104_3982,1,10,100,1,250,T4,1,159,11,,,
google_799172324630,181,instance_799172324630_41,1,12,100,1,0,MISC,0,204,27,,,
google_330587186206,150,instance_330587186206_74,1,8,100,4,200,A100,3,581,60,,,
google_800553398752,285,instance_800553398752_1870,1,8,200,1,0,MISC,3,272,9,,,
google_348791680371,205,instance_348791680371_351,1,11,200,1,250,A100,0,86,13,,,
google_323069215263,278,instance_323069215263_260,1,7,300,1,0,MISC,0,37,89,,,
google_357875318157,243,instance_357875318157_11131,1,11,100,1,0,MISC,2,438,61,,,
google_116646838687,368,instance_116646838687_17,1,8,100,1,150,V100,1,69,42,,,
google_784634965149,187,instance_784634965149_141,1,9,200,1,0,MISC,0,345,7,,,
google_503670658382,427,instance_503670658382_355,1,13,200,5,0,MISC,0,256,66,,,
google_793077145663,152,instance_793077145663_14368,1,10,100,2,0,MISC,2,104,29,,,
google_276227177776,12,instance_276227177776_309,1,12,400,1,0,MISC,2,504,37,,,
google_128073966478,17,instance_128073966478_5255,1,9,100,1,100,T4,1,259,87,,,
google_13439396863,315,instance_13439396863_841,1,15,800,2,150,V100,0,78,16,,,
google_708969524828,101,instance_708969524828_2419,1,8,200,1,200,T4,2,545,21,,,
google_17995776132,183,instance_17995776132_2570,1,12,1000,8,0,MISC,3,318,21,,,
google_744360342241,103,instance_744360342241_1,1,10,100,1,0,MISC,1,210,17,,,
google_346787355679,171,instance_346787355679_8778,1,11,100,1,100,T4,4,191,57,,,
google_462428834016,120,instance_462428834016_1544,1,16,200,2,0,MISC,2,812,78,,,
google_743140255708,66,instance_743140255708_610,1,10,100,1,0,MISC,2,263,66,,,
google_157857385389,253,instance_157857385389_1393,1,10,200,14,0,MISC,1,152,53,,,
google_236368116431,361,instance_236368116431_43333,1,9,100,1,0,MISC,2,272,87,,,
google_499904674658,393,instance_499904674658_1830,1,10,100,1,0,MISC,0,107,73,,,
